#
# TABLE STRUCTURE FOR: commentaries
#
USE pikabu;
DROP TABLE IF EXISTS `commentaries`;

CREATE TABLE `commentaries` (
  `id` int(10) unsigned NOT NULL AUTO_INCREMENT COMMENT 'Идентификатор строки',
  `user_id` int(10) unsigned NOT NULL COMMENT 'Ссылка на автора комментария',
  `target_id` int(10) unsigned NOT NULL COMMENT 'Ссылка на комментируемый объект',
  `target_type_id` int(10) unsigned NOT NULL COMMENT 'Тип комментируемого объекта',
  `body` text COLLATE utf8_unicode_ci NOT NULL COMMENT 'Текст комментария',
  `created_at` datetime DEFAULT current_timestamp() COMMENT 'Время создания строки',
  `updated_at` datetime DEFAULT current_timestamp() ON UPDATE current_timestamp() COMMENT 'Время обновления строки',
  PRIMARY KEY (`id`)
) ENGINE=InnoDB AUTO_INCREMENT=101 DEFAULT CHARSET=utf8 COLLATE=utf8_unicode_ci COMMENT='Комментарии';

INSERT INTO `commentaries` (`id`, `user_id`, `target_id`, `target_type_id`, `body`, `created_at`, `updated_at`) VALUES (1, 41, 94, 2, 'Consequuntur inventore totam officia iusto. Excepturi esse quas voluptate non. Itaque et mollitia reprehenderit quo distinctio laudantium ut. Aliquid dolor consequatur quis et adipisci. Eos assumenda pariatur sed quo sit temporibus.', '2000-02-04 04:18:01', '1982-07-08 17:34:07');
INSERT INTO `commentaries` (`id`, `user_id`, `target_id`, `target_type_id`, `body`, `created_at`, `updated_at`) VALUES (2, 99, 9, 2, 'Laboriosam est voluptate culpa sit perspiciatis. Veniam reiciendis perspiciatis atque sed alias. Odio sed placeat et cupiditate non at. Et laboriosam qui in quisquam.', '1971-06-25 11:23:57', '1978-03-30 10:49:40');
INSERT INTO `commentaries` (`id`, `user_id`, `target_id`, `target_type_id`, `body`, `created_at`, `updated_at`) VALUES (3, 24, 66, 3, 'Nihil impedit modi sed facilis dolor. Qui optio numquam temporibus consequatur. Aut laboriosam quae accusamus dolorem autem veniam culpa fugit. Voluptates eum aut modi est. Dolorem omnis odio aut rerum necessitatibus sunt.', '2020-04-22 20:07:08', '1970-01-07 00:30:36');
INSERT INTO `commentaries` (`id`, `user_id`, `target_id`, `target_type_id`, `body`, `created_at`, `updated_at`) VALUES (4, 24, 53, 3, 'Quo magnam sed accusamus blanditiis. Et qui voluptate eum incidunt. Ducimus numquam consequatur consectetur omnis excepturi qui.', '1992-12-25 10:05:49', '2003-04-20 04:54:28');
INSERT INTO `commentaries` (`id`, `user_id`, `target_id`, `target_type_id`, `body`, `created_at`, `updated_at`) VALUES (5, 25, 71, 2, 'Labore qui adipisci fugiat dignissimos totam molestiae et harum. Et cum amet quas suscipit. Laboriosam praesentium voluptates delectus ratione voluptate. Fugiat rerum vero sunt et occaecati magnam.', '2013-06-08 04:42:29', '1986-04-18 14:21:26');
INSERT INTO `commentaries` (`id`, `user_id`, `target_id`, `target_type_id`, `body`, `created_at`, `updated_at`) VALUES (6, 66, 37, 2, 'Ut magnam ut tempore blanditiis amet. Magnam quidem et temporibus excepturi dolorum libero. Ut consequuntur tenetur qui non. Voluptas exercitationem aut neque qui.', '1999-11-06 19:09:57', '2008-10-05 22:56:08');
INSERT INTO `commentaries` (`id`, `user_id`, `target_id`, `target_type_id`, `body`, `created_at`, `updated_at`) VALUES (7, 40, 14, 3, 'Quo explicabo perferendis vel. Aut quia qui et a quas et. Rem dolorem fugit iste voluptatum rerum aperiam. Quam quo non unde et voluptas aut est.', '1987-08-03 10:42:38', '1970-07-29 17:19:10');
INSERT INTO `commentaries` (`id`, `user_id`, `target_id`, `target_type_id`, `body`, `created_at`, `updated_at`) VALUES (8, 74, 68, 2, 'Suscipit quo occaecati natus modi sit et incidunt. Dolore consequatur expedita voluptatem et rerum occaecati placeat qui. Ipsam est possimus reprehenderit nihil rem aspernatur qui consequuntur. Quis sapiente explicabo quia recusandae doloremque voluptatem.', '2006-02-13 06:42:14', '2016-12-05 23:31:11');
INSERT INTO `commentaries` (`id`, `user_id`, `target_id`, `target_type_id`, `body`, `created_at`, `updated_at`) VALUES (9, 34, 80, 3, 'Quas non sit nobis ducimus maxime quia. Quod fugit autem corporis. Optio qui nesciunt dolorum eligendi.', '1997-08-26 15:14:21', '2007-04-15 16:28:39');
INSERT INTO `commentaries` (`id`, `user_id`, `target_id`, `target_type_id`, `body`, `created_at`, `updated_at`) VALUES (10, 63, 26, 2, 'Nobis quo sunt occaecati. Quod quo aut asperiores distinctio rerum rem velit. Voluptates suscipit asperiores ea commodi eaque. Sapiente ea magni quam qui.', '1990-11-09 00:35:53', '1992-08-25 11:13:53');
INSERT INTO `commentaries` (`id`, `user_id`, `target_id`, `target_type_id`, `body`, `created_at`, `updated_at`) VALUES (11, 69, 3, 3, 'Minus modi quasi molestiae aut architecto. Veritatis et reprehenderit non quo nobis odit. Repellendus veniam saepe ut odit ratione. Ex illum et dignissimos tempore eum. Dolorem quia libero qui accusantium quos nulla autem.', '1989-11-04 19:06:49', '1972-05-27 03:52:02');
INSERT INTO `commentaries` (`id`, `user_id`, `target_id`, `target_type_id`, `body`, `created_at`, `updated_at`) VALUES (12, 71, 9, 2, 'Qui sequi reiciendis illum. Dicta ut possimus deleniti aut. Ratione sint rerum fugiat.', '1982-07-26 21:20:57', '1982-11-07 11:45:32');
INSERT INTO `commentaries` (`id`, `user_id`, `target_id`, `target_type_id`, `body`, `created_at`, `updated_at`) VALUES (13, 75, 52, 2, 'Beatae non eveniet libero sunt reprehenderit id. Sapiente voluptatem nostrum ducimus mollitia ut incidunt aliquid. Rem vel illum voluptas soluta.', '2016-02-10 19:45:23', '1982-01-04 18:42:32');
INSERT INTO `commentaries` (`id`, `user_id`, `target_id`, `target_type_id`, `body`, `created_at`, `updated_at`) VALUES (14, 12, 36, 2, 'Eveniet aut quis nihil harum deserunt laborum quis. Fuga perspiciatis laudantium maiores non esse earum. Expedita est et inventore quas ea.', '1993-12-04 12:05:41', '1987-12-26 08:37:26');
INSERT INTO `commentaries` (`id`, `user_id`, `target_id`, `target_type_id`, `body`, `created_at`, `updated_at`) VALUES (15, 100, 70, 3, 'Corrupti doloremque ut est voluptate distinctio qui. Illo est dignissimos natus dolores ut reprehenderit. Libero ullam rerum et quia omnis itaque voluptatibus iure.', '2010-12-22 09:18:23', '2004-12-06 05:43:05');
INSERT INTO `commentaries` (`id`, `user_id`, `target_id`, `target_type_id`, `body`, `created_at`, `updated_at`) VALUES (16, 75, 51, 2, 'Officiis molestias ut voluptatem cumque iste nihil dolorem explicabo. Minima dolor quasi nulla perferendis quia. Vero voluptas autem quis ut.', '2008-01-01 02:56:15', '2001-03-07 11:59:11');
INSERT INTO `commentaries` (`id`, `user_id`, `target_id`, `target_type_id`, `body`, `created_at`, `updated_at`) VALUES (17, 21, 16, 3, 'Quam rerum culpa blanditiis molestiae ipsum dolores consequuntur. Iure qui ut distinctio natus. Nulla quae dolores enim et. Inventore sunt tenetur eligendi dolorem veniam reprehenderit maiores.', '2014-03-04 13:57:33', '1998-08-26 11:08:54');
INSERT INTO `commentaries` (`id`, `user_id`, `target_id`, `target_type_id`, `body`, `created_at`, `updated_at`) VALUES (18, 90, 52, 2, 'Omnis vel rerum fugiat. Consequatur id nam voluptatibus sint. Qui in eos ut tempore quia.', '2001-10-18 06:52:15', '2005-03-14 13:26:38');
INSERT INTO `commentaries` (`id`, `user_id`, `target_id`, `target_type_id`, `body`, `created_at`, `updated_at`) VALUES (19, 22, 11, 2, 'Nesciunt deleniti est et. Quis eius voluptatem deserunt fuga fuga. Iste maiores et adipisci inventore quia magni. Est est vitae sed numquam veniam.', '1992-03-06 13:51:01', '1971-07-30 11:42:25');
INSERT INTO `commentaries` (`id`, `user_id`, `target_id`, `target_type_id`, `body`, `created_at`, `updated_at`) VALUES (20, 42, 67, 2, 'Eveniet id occaecati placeat et sed. Aut sed molestias placeat voluptate. Quod quia perspiciatis consequatur et placeat blanditiis provident. Enim reiciendis rerum laborum eos nobis sit aut. Rem error rerum ullam quibusdam.', '1989-01-29 17:01:21', '2001-03-06 03:43:00');
INSERT INTO `commentaries` (`id`, `user_id`, `target_id`, `target_type_id`, `body`, `created_at`, `updated_at`) VALUES (21, 13, 40, 2, 'Aliquam quasi voluptatem laudantium reprehenderit sed molestias. Enim ea autem quia delectus sint at eum. Ipsam et libero rerum ea omnis sed ut. Aut repellendus ut doloribus voluptas.', '2005-05-12 10:53:34', '1999-11-21 19:50:50');
INSERT INTO `commentaries` (`id`, `user_id`, `target_id`, `target_type_id`, `body`, `created_at`, `updated_at`) VALUES (22, 68, 99, 2, 'Ab adipisci voluptatem ut dolore enim adipisci ipsa. Ad voluptates cumque debitis autem. Voluptatem eum est repellat sit iste et ipsam. Enim quia voluptatem voluptatem ipsam tenetur recusandae.', '1973-10-10 14:04:43', '2011-10-11 21:26:37');
INSERT INTO `commentaries` (`id`, `user_id`, `target_id`, `target_type_id`, `body`, `created_at`, `updated_at`) VALUES (23, 82, 89, 2, 'Cupiditate non aut ratione nisi placeat. Ipsa qui hic ea eos. Sapiente asperiores in et est.', '1994-07-26 14:11:52', '1981-02-10 07:53:25');
INSERT INTO `commentaries` (`id`, `user_id`, `target_id`, `target_type_id`, `body`, `created_at`, `updated_at`) VALUES (24, 74, 55, 2, 'In facere aliquid non et vitae. Et quasi id placeat corrupti architecto assumenda. Pariatur accusamus modi consectetur est laboriosam voluptas. Consequuntur voluptatem laborum enim amet consequatur.', '1978-04-05 18:45:13', '1978-10-30 13:55:05');
INSERT INTO `commentaries` (`id`, `user_id`, `target_id`, `target_type_id`, `body`, `created_at`, `updated_at`) VALUES (25, 72, 3, 3, 'Quaerat aut tempore inventore autem id officiis. Deserunt odit qui qui sit ut.', '1970-01-09 03:07:54', '2014-05-02 22:51:33');
INSERT INTO `commentaries` (`id`, `user_id`, `target_id`, `target_type_id`, `body`, `created_at`, `updated_at`) VALUES (26, 42, 57, 2, 'Ut quibusdam ut sit commodi praesentium qui. Dignissimos consequatur adipisci sunt incidunt nisi nemo. Temporibus quibusdam perspiciatis sed sint. Architecto eius quos tempora quia voluptas necessitatibus quaerat.', '1984-02-24 09:53:41', '1985-11-10 11:34:48');
INSERT INTO `commentaries` (`id`, `user_id`, `target_id`, `target_type_id`, `body`, `created_at`, `updated_at`) VALUES (27, 32, 86, 3, 'Voluptatem natus officiis temporibus sunt cumque ipsum eveniet. Ex earum deserunt eaque sequi cum voluptatem sunt. Dolorum neque laboriosam et nulla et explicabo.', '1987-06-25 03:28:36', '2003-02-22 01:08:15');
INSERT INTO `commentaries` (`id`, `user_id`, `target_id`, `target_type_id`, `body`, `created_at`, `updated_at`) VALUES (28, 79, 92, 3, 'Sit ducimus dolores ut odio. Voluptatem illum voluptas voluptas dolorem. Et animi unde et aut magni perferendis ut.', '1987-09-04 07:50:33', '1986-05-28 23:13:10');
INSERT INTO `commentaries` (`id`, `user_id`, `target_id`, `target_type_id`, `body`, `created_at`, `updated_at`) VALUES (29, 60, 4, 2, 'Ut voluptatem facilis corrupti non earum nihil voluptas ducimus. Placeat voluptatibus laborum laudantium beatae. Est sed eligendi molestiae veritatis ratione autem et. Molestiae rerum facilis ipsa corporis similique voluptatem. Repellat itaque sunt quidem occaecati.', '1980-12-10 11:04:59', '1991-04-25 00:31:37');
INSERT INTO `commentaries` (`id`, `user_id`, `target_id`, `target_type_id`, `body`, `created_at`, `updated_at`) VALUES (30, 67, 39, 3, 'Non excepturi illo provident et. Qui et in et hic ratione quod. Officiis ea porro ipsa fuga ex doloremque tempora ut.', '1990-12-19 10:16:05', '2014-04-01 15:07:31');
INSERT INTO `commentaries` (`id`, `user_id`, `target_id`, `target_type_id`, `body`, `created_at`, `updated_at`) VALUES (31, 49, 94, 3, 'Debitis dicta quo minus voluptatem expedita sed. Architecto sequi nisi dicta quas nam.', '1977-01-05 10:52:51', '1976-05-11 22:14:32');
INSERT INTO `commentaries` (`id`, `user_id`, `target_id`, `target_type_id`, `body`, `created_at`, `updated_at`) VALUES (32, 65, 11, 3, 'Exercitationem sed sed numquam repellendus. Blanditiis fugiat et hic sed dolorem.', '2009-01-11 07:27:59', '2007-02-06 05:03:39');
INSERT INTO `commentaries` (`id`, `user_id`, `target_id`, `target_type_id`, `body`, `created_at`, `updated_at`) VALUES (33, 71, 67, 3, 'Officiis eum dignissimos et veniam hic quia nesciunt. Doloribus quo et et dolor doloribus. Labore reiciendis accusamus voluptatibus deleniti sit necessitatibus quia dignissimos. Corrupti voluptatem culpa voluptas non sunt illum.', '1979-01-14 00:08:36', '1976-06-05 11:26:59');
INSERT INTO `commentaries` (`id`, `user_id`, `target_id`, `target_type_id`, `body`, `created_at`, `updated_at`) VALUES (34, 39, 62, 2, 'Reprehenderit quia autem quod non veritatis vel ut. Eos et at aut laborum cumque sint. Adipisci quia veritatis aliquam. Aut mollitia magnam aut totam.', '1992-04-26 02:11:35', '1971-08-13 10:19:49');
INSERT INTO `commentaries` (`id`, `user_id`, `target_id`, `target_type_id`, `body`, `created_at`, `updated_at`) VALUES (35, 79, 75, 2, 'Ex ipsum perspiciatis exercitationem rem et. Voluptas reiciendis laudantium fugit illo error omnis dolorem. Sint voluptas tempora ut ut voluptatem non. Voluptatibus saepe provident molestiae et fugiat.', '1978-02-11 23:44:54', '2008-06-03 11:14:06');
INSERT INTO `commentaries` (`id`, `user_id`, `target_id`, `target_type_id`, `body`, `created_at`, `updated_at`) VALUES (36, 85, 85, 2, 'Eos natus soluta quis omnis excepturi et. Fugiat commodi pariatur voluptate eos quae accusamus. Quod harum vero beatae iste et. Beatae accusamus perferendis adipisci.', '1987-08-31 02:30:58', '1999-04-25 05:41:49');
INSERT INTO `commentaries` (`id`, `user_id`, `target_id`, `target_type_id`, `body`, `created_at`, `updated_at`) VALUES (37, 4, 23, 3, 'Incidunt quisquam consequatur quidem. Hic molestiae aspernatur sit temporibus rem. At vitae eius et iste quasi quidem.', '2000-10-23 18:01:04', '1973-05-22 19:23:34');
INSERT INTO `commentaries` (`id`, `user_id`, `target_id`, `target_type_id`, `body`, `created_at`, `updated_at`) VALUES (38, 67, 33, 3, 'Non sit temporibus placeat numquam sit sunt in. Hic recusandae enim incidunt omnis voluptatem veritatis maxime dolorem. Et in aut optio tempora. Aut tempore dolorem animi ut est.', '1985-09-17 09:59:55', '1985-10-23 02:35:40');
INSERT INTO `commentaries` (`id`, `user_id`, `target_id`, `target_type_id`, `body`, `created_at`, `updated_at`) VALUES (39, 21, 72, 3, 'Magni consequatur cupiditate veniam dolores dolor dicta. Autem numquam labore iste et. Et vel quos sed. Nesciunt deserunt consequatur rerum laudantium quidem et sunt.', '2019-12-14 12:20:21', '2008-10-23 18:25:34');
INSERT INTO `commentaries` (`id`, `user_id`, `target_id`, `target_type_id`, `body`, `created_at`, `updated_at`) VALUES (40, 78, 11, 3, 'Corporis quidem explicabo sit assumenda quia velit impedit adipisci. Est vel odit minima sint molestias. Nihil sunt enim enim. Quisquam animi numquam maxime illo.', '2018-04-11 02:36:06', '2012-10-29 07:47:41');
INSERT INTO `commentaries` (`id`, `user_id`, `target_id`, `target_type_id`, `body`, `created_at`, `updated_at`) VALUES (41, 6, 35, 3, 'Enim veniam delectus exercitationem. Omnis rerum et voluptatem illo reiciendis. Consequatur omnis qui porro error veniam omnis.', '2011-02-04 08:40:09', '1987-08-06 13:06:04');
INSERT INTO `commentaries` (`id`, `user_id`, `target_id`, `target_type_id`, `body`, `created_at`, `updated_at`) VALUES (42, 50, 36, 2, 'Officia ipsa autem et accusantium aut et. Alias quos itaque expedita non ducimus quas. Sed expedita voluptatum beatae et.', '2010-10-13 07:22:58', '1990-05-11 15:47:10');
INSERT INTO `commentaries` (`id`, `user_id`, `target_id`, `target_type_id`, `body`, `created_at`, `updated_at`) VALUES (43, 16, 4, 3, 'Sunt reprehenderit dolorem sed. Aut aut et molestiae modi. Atque sed ad autem porro quo minima sed.', '1970-01-20 15:07:16', '2002-03-08 10:57:41');
INSERT INTO `commentaries` (`id`, `user_id`, `target_id`, `target_type_id`, `body`, `created_at`, `updated_at`) VALUES (44, 76, 2, 2, 'Quae magni voluptatem quia consequatur. Fugiat non et et adipisci quas ullam. Sed blanditiis cumque debitis quia. Eum aliquam et qui quisquam vel odit voluptatum.', '2018-12-02 04:38:09', '1986-07-11 17:22:02');
INSERT INTO `commentaries` (`id`, `user_id`, `target_id`, `target_type_id`, `body`, `created_at`, `updated_at`) VALUES (45, 7, 24, 2, 'Illum id qui voluptas maxime sed. Praesentium natus est ut ut. Qui repellat voluptas fugiat pariatur id temporibus atque. Enim a ipsa perferendis recusandae nesciunt mollitia maxime. Aut fuga voluptatem maxime quas quia.', '1993-02-20 15:40:23', '1985-04-20 17:55:29');
INSERT INTO `commentaries` (`id`, `user_id`, `target_id`, `target_type_id`, `body`, `created_at`, `updated_at`) VALUES (46, 2, 86, 3, 'Rerum magni quia ullam sint rem repellendus ut corporis. Tenetur sit in possimus voluptatem. In architecto quaerat veritatis non nihil alias.', '1994-11-16 09:25:30', '1980-06-28 20:47:50');
INSERT INTO `commentaries` (`id`, `user_id`, `target_id`, `target_type_id`, `body`, `created_at`, `updated_at`) VALUES (47, 8, 8, 2, 'Et impedit incidunt non debitis. Magnam incidunt doloribus est sed tenetur. Velit repudiandae illum nostrum neque vel natus. Sint est a fuga aut enim assumenda.', '1991-02-13 05:43:53', '2016-10-03 11:18:47');
INSERT INTO `commentaries` (`id`, `user_id`, `target_id`, `target_type_id`, `body`, `created_at`, `updated_at`) VALUES (48, 84, 53, 2, 'Nihil in tempora est sit. Quasi suscipit ut quis dolor et. Dignissimos eveniet impedit voluptas voluptate. Qui ex blanditiis quia ea.', '1979-07-26 07:18:05', '1988-03-08 12:34:21');
INSERT INTO `commentaries` (`id`, `user_id`, `target_id`, `target_type_id`, `body`, `created_at`, `updated_at`) VALUES (49, 74, 53, 3, 'Dolorem dolore est aut unde itaque est. Aliquid tenetur et quod architecto explicabo pariatur fugiat.', '1973-12-27 21:46:34', '1975-09-08 01:32:16');
INSERT INTO `commentaries` (`id`, `user_id`, `target_id`, `target_type_id`, `body`, `created_at`, `updated_at`) VALUES (50, 12, 23, 2, 'Vel voluptatem quos perferendis at aut nulla quis dolorem. Quaerat at labore maxime voluptates qui dolorem nemo. Quae laboriosam et totam occaecati deleniti id nemo qui.', '1998-09-12 09:24:16', '2015-01-13 17:52:32');
INSERT INTO `commentaries` (`id`, `user_id`, `target_id`, `target_type_id`, `body`, `created_at`, `updated_at`) VALUES (51, 30, 41, 3, 'Optio autem labore ad maxime dolorem veritatis. Impedit qui qui laudantium eaque rerum consequatur minima adipisci. In earum quasi quas qui ut modi sit. Doloribus maiores ut autem aut consequatur architecto.', '1999-09-16 23:51:57', '1982-09-18 02:50:13');
INSERT INTO `commentaries` (`id`, `user_id`, `target_id`, `target_type_id`, `body`, `created_at`, `updated_at`) VALUES (52, 7, 15, 3, 'Voluptas deleniti quisquam nostrum et rerum sed autem. Rerum et consequatur eum harum dicta ea. Reprehenderit at eius facilis id iusto eos.', '1994-03-17 08:31:44', '2012-11-30 01:32:43');
INSERT INTO `commentaries` (`id`, `user_id`, `target_id`, `target_type_id`, `body`, `created_at`, `updated_at`) VALUES (53, 42, 66, 3, 'Qui et aspernatur non nihil et ducimus. Sunt voluptatem vel minima mollitia voluptate minus dolor. Facilis et dolores aut in. Iure incidunt distinctio optio consequatur eum similique. Aut nemo ut et dolores quam illum veniam.', '1993-12-16 23:50:40', '1998-01-08 04:00:52');
INSERT INTO `commentaries` (`id`, `user_id`, `target_id`, `target_type_id`, `body`, `created_at`, `updated_at`) VALUES (54, 21, 34, 2, 'Rerum eaque nobis occaecati. Debitis quo in et nemo neque. Qui cum ex est in vero.', '2014-09-12 12:43:14', '1973-06-01 14:52:52');
INSERT INTO `commentaries` (`id`, `user_id`, `target_id`, `target_type_id`, `body`, `created_at`, `updated_at`) VALUES (55, 9, 70, 3, 'Est voluptatem modi consequuntur rerum recusandae numquam. Totam omnis unde voluptates facere doloribus.', '1978-09-01 21:07:10', '1989-03-25 06:28:17');
INSERT INTO `commentaries` (`id`, `user_id`, `target_id`, `target_type_id`, `body`, `created_at`, `updated_at`) VALUES (56, 61, 94, 3, 'Eaque aut at quia non quod quia. Aperiam occaecati eos qui velit. Rerum quae inventore quia numquam aliquid nemo sit. Magni iste dignissimos a repudiandae est asperiores.', '1978-04-12 00:58:38', '1974-05-10 06:57:23');
INSERT INTO `commentaries` (`id`, `user_id`, `target_id`, `target_type_id`, `body`, `created_at`, `updated_at`) VALUES (57, 68, 16, 3, 'Id non cupiditate culpa dolores. Similique laboriosam assumenda eligendi magni corporis nam ut. Voluptas corporis voluptatem reprehenderit totam. Laudantium suscipit et rerum adipisci nam.', '1990-01-18 21:05:38', '1972-12-25 07:51:28');
INSERT INTO `commentaries` (`id`, `user_id`, `target_id`, `target_type_id`, `body`, `created_at`, `updated_at`) VALUES (58, 1, 35, 3, 'Ut ut rerum consequatur libero ab. Quasi quis labore ea totam et consequatur. Aut quibusdam quia excepturi optio fugit. Molestiae in doloremque dolores a. Cumque et aperiam distinctio aspernatur animi.', '1998-07-28 02:19:44', '1997-08-16 20:31:39');
INSERT INTO `commentaries` (`id`, `user_id`, `target_id`, `target_type_id`, `body`, `created_at`, `updated_at`) VALUES (59, 19, 70, 3, 'Quia possimus autem veniam eum. Dolores consequatur in et modi. Necessitatibus voluptatem ex nobis rerum. Sed voluptatem sed doloremque asperiores corporis.', '1982-01-28 05:37:34', '1994-12-16 14:11:17');
INSERT INTO `commentaries` (`id`, `user_id`, `target_id`, `target_type_id`, `body`, `created_at`, `updated_at`) VALUES (60, 95, 6, 3, 'Mollitia nemo sint architecto dolores autem atque amet. Quam temporibus cupiditate ratione et. Eveniet temporibus veniam est distinctio soluta. Aperiam officiis necessitatibus rerum et adipisci.', '1994-10-22 14:51:31', '2011-03-03 04:15:41');
INSERT INTO `commentaries` (`id`, `user_id`, `target_id`, `target_type_id`, `body`, `created_at`, `updated_at`) VALUES (61, 47, 98, 3, 'Perferendis autem quidem dolore reiciendis. Veniam vitae quae quia accusamus necessitatibus deserunt reprehenderit dolores. Minima quia reiciendis laborum nulla. Inventore aut sint magni aperiam provident.', '1990-06-30 03:43:29', '2018-05-29 18:17:26');
INSERT INTO `commentaries` (`id`, `user_id`, `target_id`, `target_type_id`, `body`, `created_at`, `updated_at`) VALUES (62, 62, 71, 2, 'Modi fugit voluptatem id alias consequatur consequatur distinctio. Animi facilis dolorum aliquid explicabo accusamus dignissimos nobis.', '2012-10-13 19:41:46', '2018-08-14 04:42:02');
INSERT INTO `commentaries` (`id`, `user_id`, `target_id`, `target_type_id`, `body`, `created_at`, `updated_at`) VALUES (63, 58, 2, 2, 'Cum esse fugiat voluptatem quos. Sed omnis blanditiis officia enim ducimus.', '2019-11-30 18:13:50', '1997-01-29 02:45:35');
INSERT INTO `commentaries` (`id`, `user_id`, `target_id`, `target_type_id`, `body`, `created_at`, `updated_at`) VALUES (64, 58, 47, 2, 'Est qui qui aliquam. Porro tenetur quo nesciunt reiciendis placeat. Repudiandae in minus consectetur.', '2007-11-18 04:12:24', '1983-12-09 17:07:07');
INSERT INTO `commentaries` (`id`, `user_id`, `target_id`, `target_type_id`, `body`, `created_at`, `updated_at`) VALUES (65, 100, 64, 2, 'Nihil aliquid officiis distinctio et sunt quia. Aut ea distinctio asperiores voluptatibus aut quae aspernatur.', '1990-03-03 19:05:04', '1992-11-21 14:52:50');
INSERT INTO `commentaries` (`id`, `user_id`, `target_id`, `target_type_id`, `body`, `created_at`, `updated_at`) VALUES (66, 11, 31, 2, 'Non aut excepturi commodi fugiat veritatis voluptate ut quia. Omnis amet sit aut hic non quod nostrum. Doloribus eum assumenda voluptates tempore autem. Culpa minus minima quo.', '2005-03-20 23:11:31', '1999-09-12 16:46:22');
INSERT INTO `commentaries` (`id`, `user_id`, `target_id`, `target_type_id`, `body`, `created_at`, `updated_at`) VALUES (67, 17, 8, 2, 'Dicta quos aliquid ratione ullam possimus consequuntur modi est. Eum voluptates laborum voluptas tempora. Velit iure voluptatem ullam in et.', '1976-02-09 10:04:03', '1976-02-09 20:19:43');
INSERT INTO `commentaries` (`id`, `user_id`, `target_id`, `target_type_id`, `body`, `created_at`, `updated_at`) VALUES (68, 54, 59, 3, 'Voluptate at ea vero fugit quis. Et similique deserunt ipsum sed. Autem facere fugiat voluptas ipsa ut sapiente recusandae rerum. Necessitatibus accusantium nam molestiae.', '2012-03-28 23:41:37', '1975-06-17 00:10:47');
INSERT INTO `commentaries` (`id`, `user_id`, `target_id`, `target_type_id`, `body`, `created_at`, `updated_at`) VALUES (69, 92, 66, 3, 'Nobis est dolorem consequatur dolor voluptas nisi. Inventore perspiciatis commodi recusandae libero perferendis et. Quia earum quae ea. Accusantium minima fugit laudantium accusamus temporibus eaque.', '1987-01-06 20:13:20', '2001-06-27 14:07:16');
INSERT INTO `commentaries` (`id`, `user_id`, `target_id`, `target_type_id`, `body`, `created_at`, `updated_at`) VALUES (70, 90, 84, 3, 'Aut vel quisquam est commodi maxime est aspernatur dignissimos. Aliquam adipisci blanditiis facilis sint et sint laudantium. Ut numquam sed vel quisquam aliquam sint autem.', '1978-06-12 12:19:14', '1989-11-03 10:34:32');
INSERT INTO `commentaries` (`id`, `user_id`, `target_id`, `target_type_id`, `body`, `created_at`, `updated_at`) VALUES (71, 44, 40, 2, 'Omnis est doloremque neque eligendi. Odio et et excepturi molestias reiciendis. Omnis eos voluptates dolor voluptatem molestias.', '2007-07-06 12:53:12', '1990-11-19 05:46:21');
INSERT INTO `commentaries` (`id`, `user_id`, `target_id`, `target_type_id`, `body`, `created_at`, `updated_at`) VALUES (72, 21, 5, 3, 'Nihil rerum quo molestiae. Facere quis fugiat numquam sequi ab ea quis. Consectetur non voluptates inventore.', '1970-11-13 20:54:03', '1987-08-16 23:31:06');
INSERT INTO `commentaries` (`id`, `user_id`, `target_id`, `target_type_id`, `body`, `created_at`, `updated_at`) VALUES (73, 67, 9, 3, 'Laboriosam eaque consectetur quia saepe libero repudiandae et. Nesciunt accusantium aut eaque officia sint officia. Temporibus sint quo ut distinctio natus aliquam nostrum. Commodi expedita cupiditate dolores ex rerum dolores minus soluta.', '1980-04-19 17:48:33', '1976-09-25 13:50:14');
INSERT INTO `commentaries` (`id`, `user_id`, `target_id`, `target_type_id`, `body`, `created_at`, `updated_at`) VALUES (74, 45, 26, 3, 'Ipsam animi explicabo quia labore magni. Nesciunt molestiae qui atque ea et. Voluptatem enim repellat non omnis autem sapiente.', '2002-02-18 20:50:56', '1982-02-15 18:06:18');
INSERT INTO `commentaries` (`id`, `user_id`, `target_id`, `target_type_id`, `body`, `created_at`, `updated_at`) VALUES (75, 51, 50, 2, 'Quia magnam qui reprehenderit qui aut totam beatae. Placeat minima quos eaque est. Eum tempore culpa ut rerum facere autem. Eius accusamus dignissimos corrupti.', '1970-08-13 15:54:06', '1987-07-15 03:39:01');
INSERT INTO `commentaries` (`id`, `user_id`, `target_id`, `target_type_id`, `body`, `created_at`, `updated_at`) VALUES (76, 58, 34, 3, 'Nam ut vel ullam ut. Natus veritatis dolorem blanditiis sed consequatur saepe esse.', '1971-12-25 21:38:57', '1975-02-02 16:50:48');
INSERT INTO `commentaries` (`id`, `user_id`, `target_id`, `target_type_id`, `body`, `created_at`, `updated_at`) VALUES (77, 42, 8, 3, 'Qui quia qui eum et est quia non. Reprehenderit beatae voluptas cumque voluptas aut et. Cum dolor porro et aperiam.', '1992-11-23 03:43:50', '2003-05-31 19:44:29');
INSERT INTO `commentaries` (`id`, `user_id`, `target_id`, `target_type_id`, `body`, `created_at`, `updated_at`) VALUES (78, 28, 84, 2, 'Voluptas ullam qui officia quasi. Qui iusto omnis culpa sed et eum sed.', '1977-06-12 21:26:13', '2005-07-15 18:06:24');
INSERT INTO `commentaries` (`id`, `user_id`, `target_id`, `target_type_id`, `body`, `created_at`, `updated_at`) VALUES (79, 89, 80, 2, 'Quo laudantium aspernatur sit dolorum quia voluptatum voluptatem. Nihil pariatur placeat ut. Molestiae numquam alias provident consequatur odit. Totam asperiores in voluptates saepe aspernatur.', '2014-03-14 05:05:26', '1992-10-08 23:01:54');
INSERT INTO `commentaries` (`id`, `user_id`, `target_id`, `target_type_id`, `body`, `created_at`, `updated_at`) VALUES (80, 1, 7, 3, 'Doloribus distinctio rerum beatae accusamus. Nam numquam saepe enim autem. Quam nobis voluptatum qui vel ut qui similique. Laborum provident eum molestiae. Dicta temporibus et nesciunt corrupti.', '1999-07-31 08:42:09', '2006-04-27 03:35:21');
INSERT INTO `commentaries` (`id`, `user_id`, `target_id`, `target_type_id`, `body`, `created_at`, `updated_at`) VALUES (81, 85, 99, 2, 'Ducimus quasi velit qui fugit fuga magni. Et et dolores aut cum adipisci. Velit porro porro aperiam nam aut.', '1975-10-19 14:23:02', '1994-07-17 15:02:20');
INSERT INTO `commentaries` (`id`, `user_id`, `target_id`, `target_type_id`, `body`, `created_at`, `updated_at`) VALUES (82, 66, 31, 2, 'Sit sapiente qui nihil. Nisi laborum et quas et neque. Velit nesciunt facere sit id repudiandae laboriosam. Aut et nemo quia sunt.', '1979-05-18 17:16:58', '1993-04-22 08:09:02');
INSERT INTO `commentaries` (`id`, `user_id`, `target_id`, `target_type_id`, `body`, `created_at`, `updated_at`) VALUES (83, 96, 98, 2, 'Sapiente quia repudiandae sint repudiandae eius. Atque cupiditate optio est qui. Voluptatem molestias suscipit itaque et cum consequatur culpa.', '2002-04-02 17:13:13', '2010-04-13 10:26:19');
INSERT INTO `commentaries` (`id`, `user_id`, `target_id`, `target_type_id`, `body`, `created_at`, `updated_at`) VALUES (84, 98, 46, 3, 'Itaque voluptatem quis quos repellat animi exercitationem id. Nobis et rerum pariatur aut. Sed suscipit iusto minima et et molestiae id.', '2013-03-28 13:18:38', '2011-07-10 16:34:51');
INSERT INTO `commentaries` (`id`, `user_id`, `target_id`, `target_type_id`, `body`, `created_at`, `updated_at`) VALUES (85, 63, 48, 3, 'Sint tenetur eligendi aperiam inventore beatae nihil aliquid. Debitis ad ratione neque et et. Eum sed quibusdam ipsam sed.', '1974-10-16 13:27:16', '2018-03-09 14:28:36');
INSERT INTO `commentaries` (`id`, `user_id`, `target_id`, `target_type_id`, `body`, `created_at`, `updated_at`) VALUES (86, 35, 11, 2, 'Impedit odit voluptatem et rerum reiciendis id error reiciendis. Laudantium voluptatum quia officia repellat velit molestias. Labore tempora asperiores et aliquid.', '1992-09-09 20:45:04', '1976-10-18 07:44:05');
INSERT INTO `commentaries` (`id`, `user_id`, `target_id`, `target_type_id`, `body`, `created_at`, `updated_at`) VALUES (87, 9, 93, 2, 'Non vero iusto libero voluptatem eos asperiores aspernatur. Reprehenderit ipsa illum itaque sed deleniti. Consectetur minus sint hic impedit ullam.', '2009-11-15 14:20:29', '2009-12-31 03:55:25');
INSERT INTO `commentaries` (`id`, `user_id`, `target_id`, `target_type_id`, `body`, `created_at`, `updated_at`) VALUES (88, 35, 49, 2, 'Doloremque nesciunt dolor cum aut atque tempore aliquam. Sunt in qui reiciendis natus unde vel. Omnis quia similique voluptatibus et explicabo temporibus.', '1971-05-26 18:18:05', '1974-05-19 16:42:01');
INSERT INTO `commentaries` (`id`, `user_id`, `target_id`, `target_type_id`, `body`, `created_at`, `updated_at`) VALUES (89, 36, 82, 2, 'Aliquam voluptatem iste accusamus voluptate corporis. Placeat eos et ducimus dignissimos et. Excepturi explicabo cumque consequatur eum omnis. Dolores non dicta odio eius rem.', '2006-10-15 16:24:43', '1977-02-18 07:09:43');
INSERT INTO `commentaries` (`id`, `user_id`, `target_id`, `target_type_id`, `body`, `created_at`, `updated_at`) VALUES (90, 49, 90, 2, 'Asperiores similique illo nesciunt culpa a quidem. Voluptatibus reprehenderit quia non est. Et expedita inventore accusamus ea aliquam. Beatae sed voluptatem laborum quae fugiat quis nulla. Iure iure ipsa consequuntur magni deleniti autem.', '2003-01-17 14:46:07', '1981-07-07 07:00:32');
INSERT INTO `commentaries` (`id`, `user_id`, `target_id`, `target_type_id`, `body`, `created_at`, `updated_at`) VALUES (91, 96, 90, 3, 'Ut vitae necessitatibus asperiores sed. Rerum id in ratione consequuntur. Qui quo similique quasi.', '1979-03-07 07:18:04', '1990-09-27 22:10:34');
INSERT INTO `commentaries` (`id`, `user_id`, `target_id`, `target_type_id`, `body`, `created_at`, `updated_at`) VALUES (92, 31, 91, 3, 'Deleniti eum qui molestias cum. Voluptatem minus corporis et vero laboriosam expedita. Molestiae iusto hic aliquid recusandae distinctio nulla. Exercitationem corrupti et eligendi provident.', '2013-09-30 20:01:12', '1976-01-13 17:53:54');
INSERT INTO `commentaries` (`id`, `user_id`, `target_id`, `target_type_id`, `body`, `created_at`, `updated_at`) VALUES (93, 87, 13, 3, 'Minima sint dolorem rerum magni beatae. Quidem enim est non laboriosam veritatis incidunt eum. Odio eos omnis cum quia tempore voluptatum. Quos fugit dolor animi aut est laborum rerum.', '2020-04-24 02:45:16', '1972-03-10 18:22:23');
INSERT INTO `commentaries` (`id`, `user_id`, `target_id`, `target_type_id`, `body`, `created_at`, `updated_at`) VALUES (94, 93, 65, 3, 'Qui sunt vitae quas ducimus consequatur voluptatem. Aliquid veritatis nesciunt quo dolorem illum. Ex labore maxime fugiat necessitatibus qui pariatur.', '2015-11-24 00:10:40', '1978-04-14 09:49:49');
INSERT INTO `commentaries` (`id`, `user_id`, `target_id`, `target_type_id`, `body`, `created_at`, `updated_at`) VALUES (95, 18, 15, 3, 'Id maiores sint culpa doloribus iure voluptas voluptas. Nostrum vitae sed dolores eius. Dolorum qui est qui cumque officiis ea.', '1978-01-09 10:13:09', '1978-08-03 03:24:20');
INSERT INTO `commentaries` (`id`, `user_id`, `target_id`, `target_type_id`, `body`, `created_at`, `updated_at`) VALUES (96, 18, 15, 2, 'Officiis nihil qui quia aliquid. Quod ad quidem et quam qui. Blanditiis et odit quia et. Qui corporis aut vitae molestiae.', '1985-06-09 11:10:40', '2005-01-30 14:08:56');
INSERT INTO `commentaries` (`id`, `user_id`, `target_id`, `target_type_id`, `body`, `created_at`, `updated_at`) VALUES (97, 18, 1, 2, 'Provident et nisi aut cumque cupiditate et. In id omnis quod eveniet sint neque.', '2014-02-21 18:57:23', '1974-12-08 12:31:22');
INSERT INTO `commentaries` (`id`, `user_id`, `target_id`, `target_type_id`, `body`, `created_at`, `updated_at`) VALUES (98, 29, 84, 2, 'Dolores fugit ex et sunt hic nihil. Libero sint autem ea. Eos aut ducimus non doloribus.', '2006-11-14 04:13:30', '2013-10-30 20:54:30');
INSERT INTO `commentaries` (`id`, `user_id`, `target_id`, `target_type_id`, `body`, `created_at`, `updated_at`) VALUES (99, 12, 21, 3, 'Mollitia nihil molestias sit facilis. Porro iusto molestiae consequatur fugit tempore ut quas. Enim explicabo est deleniti et et. Sit dolores tempore omnis dolores dolorem aut eum quis.', '1996-08-26 14:13:37', '1992-04-25 04:13:00');
INSERT INTO `commentaries` (`id`, `user_id`, `target_id`, `target_type_id`, `body`, `created_at`, `updated_at`) VALUES (100, 69, 7, 3, 'Voluptatibus corrupti ex earum suscipit aperiam. Cumque ratione blanditiis sint quasi tempore. Deleniti laborum qui vero nemo quo.', '1971-06-05 04:38:07', '1979-07-23 19:14:34');


#
# TABLE STRUCTURE FOR: communities
#

DROP TABLE IF EXISTS `communities`;

CREATE TABLE `communities` (
  `id` int(10) unsigned NOT NULL AUTO_INCREMENT COMMENT 'Идентификатор сроки',
  `name` varchar(150) COLLATE utf8_unicode_ci NOT NULL COMMENT 'Название сообщества',
  `created_at` datetime DEFAULT current_timestamp() COMMENT 'Время создания строки',
  `updated_at` datetime DEFAULT current_timestamp() ON UPDATE current_timestamp() COMMENT 'Время обновления строки',
  PRIMARY KEY (`id`),
  UNIQUE KEY `name` (`name`)
) ENGINE=InnoDB AUTO_INCREMENT=101 DEFAULT CHARSET=utf8 COLLATE=utf8_unicode_ci COMMENT='Сообщества';

INSERT INTO `communities` (`id`, `name`, `created_at`, `updated_at`) VALUES (1, 'minus', '1992-10-03 21:09:23', '1973-02-01 17:33:25');
INSERT INTO `communities` (`id`, `name`, `created_at`, `updated_at`) VALUES (2, 'nisi', '1998-03-26 00:01:58', '1973-03-16 02:02:41');
INSERT INTO `communities` (`id`, `name`, `created_at`, `updated_at`) VALUES (3, 'fuga', '1984-10-08 00:52:23', '1985-06-21 13:13:37');
INSERT INTO `communities` (`id`, `name`, `created_at`, `updated_at`) VALUES (4, 'aut', '1977-11-11 02:43:08', '1981-01-28 17:04:58');
INSERT INTO `communities` (`id`, `name`, `created_at`, `updated_at`) VALUES (5, 'nulla', '2005-04-12 02:28:48', '1990-12-14 10:49:36');
INSERT INTO `communities` (`id`, `name`, `created_at`, `updated_at`) VALUES (6, 'veniam', '1982-09-25 01:38:24', '1997-11-12 03:24:01');
INSERT INTO `communities` (`id`, `name`, `created_at`, `updated_at`) VALUES (7, 'cumque', '1979-02-04 01:01:45', '2000-10-16 09:41:41');
INSERT INTO `communities` (`id`, `name`, `created_at`, `updated_at`) VALUES (8, 'ad', '1970-03-27 04:36:16', '1988-02-05 15:07:22');
INSERT INTO `communities` (`id`, `name`, `created_at`, `updated_at`) VALUES (9, 'numquam', '2006-10-22 21:17:55', '2012-09-09 18:52:06');
INSERT INTO `communities` (`id`, `name`, `created_at`, `updated_at`) VALUES (10, 'sunt', '1980-04-19 04:46:21', '1987-04-06 15:40:36');
INSERT INTO `communities` (`id`, `name`, `created_at`, `updated_at`) VALUES (11, 'ut', '1995-06-02 20:14:25', '1995-07-02 06:31:28');
INSERT INTO `communities` (`id`, `name`, `created_at`, `updated_at`) VALUES (12, 'architecto', '1978-03-29 13:43:10', '1990-11-06 19:03:18');
INSERT INTO `communities` (`id`, `name`, `created_at`, `updated_at`) VALUES (13, 'quia', '1975-07-19 17:10:52', '1971-01-20 12:12:51');
INSERT INTO `communities` (`id`, `name`, `created_at`, `updated_at`) VALUES (14, 'nobis', '1998-07-06 02:33:46', '1980-06-13 18:23:59');
INSERT INTO `communities` (`id`, `name`, `created_at`, `updated_at`) VALUES (15, 'recusandae', '1995-05-08 07:26:19', '1987-01-18 04:23:21');
INSERT INTO `communities` (`id`, `name`, `created_at`, `updated_at`) VALUES (16, 'sed', '1995-09-07 20:47:46', '1972-12-30 15:14:04');
INSERT INTO `communities` (`id`, `name`, `created_at`, `updated_at`) VALUES (17, 'magnam', '1972-12-22 23:45:31', '2009-08-08 09:34:39');
INSERT INTO `communities` (`id`, `name`, `created_at`, `updated_at`) VALUES (18, 'possimus', '1973-05-10 15:59:30', '1999-02-16 06:26:36');
INSERT INTO `communities` (`id`, `name`, `created_at`, `updated_at`) VALUES (19, 'fugit', '2006-10-31 11:03:36', '1991-11-17 00:43:24');
INSERT INTO `communities` (`id`, `name`, `created_at`, `updated_at`) VALUES (20, 'eius', '2011-05-31 16:13:41', '1983-09-20 11:12:38');
INSERT INTO `communities` (`id`, `name`, `created_at`, `updated_at`) VALUES (21, 'culpa', '2016-06-14 06:03:31', '1998-02-08 00:52:41');
INSERT INTO `communities` (`id`, `name`, `created_at`, `updated_at`) VALUES (22, 'labore', '1987-01-13 14:53:46', '2012-12-21 03:40:55');
INSERT INTO `communities` (`id`, `name`, `created_at`, `updated_at`) VALUES (23, 'atque', '2020-02-19 17:14:12', '2002-01-08 04:36:40');
INSERT INTO `communities` (`id`, `name`, `created_at`, `updated_at`) VALUES (24, 'minima', '2002-12-25 07:03:28', '2000-03-03 02:28:32');
INSERT INTO `communities` (`id`, `name`, `created_at`, `updated_at`) VALUES (25, 'sapiente', '2009-08-25 08:14:39', '1981-03-28 01:33:51');
INSERT INTO `communities` (`id`, `name`, `created_at`, `updated_at`) VALUES (26, 'optio', '1989-08-19 01:18:22', '1985-04-17 20:23:46');
INSERT INTO `communities` (`id`, `name`, `created_at`, `updated_at`) VALUES (27, 'iure', '2018-06-25 06:59:29', '1975-09-24 03:22:31');
INSERT INTO `communities` (`id`, `name`, `created_at`, `updated_at`) VALUES (28, 'non', '1980-02-24 09:29:10', '1994-07-31 06:46:59');
INSERT INTO `communities` (`id`, `name`, `created_at`, `updated_at`) VALUES (29, 'praesentium', '2019-04-03 14:09:00', '1987-12-09 00:23:14');
INSERT INTO `communities` (`id`, `name`, `created_at`, `updated_at`) VALUES (30, 'voluptatibus', '2018-10-10 21:23:34', '2004-03-16 18:24:37');
INSERT INTO `communities` (`id`, `name`, `created_at`, `updated_at`) VALUES (31, 'perspiciatis', '1993-01-30 11:39:04', '2002-02-05 06:02:20');
INSERT INTO `communities` (`id`, `name`, `created_at`, `updated_at`) VALUES (32, 'nemo', '1974-05-22 19:25:31', '1998-11-22 01:19:20');
INSERT INTO `communities` (`id`, `name`, `created_at`, `updated_at`) VALUES (33, 'pariatur', '2009-09-23 12:53:13', '1979-12-05 08:04:59');
INSERT INTO `communities` (`id`, `name`, `created_at`, `updated_at`) VALUES (34, 'et', '1999-04-23 03:08:41', '2019-09-08 09:06:24');
INSERT INTO `communities` (`id`, `name`, `created_at`, `updated_at`) VALUES (35, 'officia', '2015-01-10 21:25:47', '2000-05-28 00:05:51');
INSERT INTO `communities` (`id`, `name`, `created_at`, `updated_at`) VALUES (36, 'ea', '2012-08-27 03:18:01', '1977-02-20 17:14:44');
INSERT INTO `communities` (`id`, `name`, `created_at`, `updated_at`) VALUES (37, 'ipsum', '1998-07-23 04:15:43', '1976-11-10 02:56:55');
INSERT INTO `communities` (`id`, `name`, `created_at`, `updated_at`) VALUES (38, 'vitae', '2005-01-15 04:43:30', '2005-11-23 13:01:39');
INSERT INTO `communities` (`id`, `name`, `created_at`, `updated_at`) VALUES (39, 'saepe', '1990-05-09 00:20:03', '2003-01-28 18:16:31');
INSERT INTO `communities` (`id`, `name`, `created_at`, `updated_at`) VALUES (40, 'qui', '1999-11-03 17:47:07', '2003-02-26 12:44:44');
INSERT INTO `communities` (`id`, `name`, `created_at`, `updated_at`) VALUES (41, 'sint', '1993-10-07 10:33:34', '1983-07-18 21:04:30');
INSERT INTO `communities` (`id`, `name`, `created_at`, `updated_at`) VALUES (42, 'eum', '1994-04-11 22:27:07', '1994-05-01 16:30:33');
INSERT INTO `communities` (`id`, `name`, `created_at`, `updated_at`) VALUES (43, 'neque', '1985-10-22 09:43:18', '1973-10-06 08:05:38');
INSERT INTO `communities` (`id`, `name`, `created_at`, `updated_at`) VALUES (44, 'animi', '1980-08-13 18:16:56', '2006-01-27 10:11:24');
INSERT INTO `communities` (`id`, `name`, `created_at`, `updated_at`) VALUES (45, 'aliquid', '1994-03-22 23:51:26', '2009-05-18 06:43:35');
INSERT INTO `communities` (`id`, `name`, `created_at`, `updated_at`) VALUES (46, 'suscipit', '1981-07-08 20:51:44', '1977-11-11 09:49:44');
INSERT INTO `communities` (`id`, `name`, `created_at`, `updated_at`) VALUES (47, 'corrupti', '1981-06-12 14:22:47', '2014-07-15 14:06:02');
INSERT INTO `communities` (`id`, `name`, `created_at`, `updated_at`) VALUES (48, 'placeat', '2003-03-20 23:57:07', '2004-09-11 22:08:40');
INSERT INTO `communities` (`id`, `name`, `created_at`, `updated_at`) VALUES (49, 'autem', '1973-11-21 17:40:50', '1998-11-05 01:00:02');
INSERT INTO `communities` (`id`, `name`, `created_at`, `updated_at`) VALUES (50, 'voluptas', '1970-11-07 03:00:53', '2009-07-23 14:14:54');
INSERT INTO `communities` (`id`, `name`, `created_at`, `updated_at`) VALUES (51, 'quidem', '2017-03-01 21:05:28', '1995-08-30 22:20:31');
INSERT INTO `communities` (`id`, `name`, `created_at`, `updated_at`) VALUES (52, 'eveniet', '1995-09-28 10:37:21', '2006-03-05 00:22:13');
INSERT INTO `communities` (`id`, `name`, `created_at`, `updated_at`) VALUES (53, 'provident', '1981-04-14 23:15:02', '1978-12-15 22:38:57');
INSERT INTO `communities` (`id`, `name`, `created_at`, `updated_at`) VALUES (54, 'rerum', '1979-08-12 03:38:05', '1974-12-05 03:25:15');
INSERT INTO `communities` (`id`, `name`, `created_at`, `updated_at`) VALUES (55, 'voluptatem', '2010-10-11 09:28:27', '1981-07-20 11:01:56');
INSERT INTO `communities` (`id`, `name`, `created_at`, `updated_at`) VALUES (56, 'earum', '1979-06-14 03:16:25', '1981-06-09 06:06:58');
INSERT INTO `communities` (`id`, `name`, `created_at`, `updated_at`) VALUES (57, 'debitis', '1998-11-15 18:51:15', '1994-02-07 22:18:58');
INSERT INTO `communities` (`id`, `name`, `created_at`, `updated_at`) VALUES (58, 'soluta', '2007-10-17 18:55:24', '2007-09-13 22:34:03');
INSERT INTO `communities` (`id`, `name`, `created_at`, `updated_at`) VALUES (59, 'magni', '1973-06-10 06:40:56', '1970-08-11 14:08:46');
INSERT INTO `communities` (`id`, `name`, `created_at`, `updated_at`) VALUES (60, 'totam', '1998-08-06 21:33:42', '1982-03-15 21:44:00');
INSERT INTO `communities` (`id`, `name`, `created_at`, `updated_at`) VALUES (61, 'voluptate', '2010-04-16 02:34:52', '1977-06-11 09:46:23');
INSERT INTO `communities` (`id`, `name`, `created_at`, `updated_at`) VALUES (62, 'libero', '1987-06-03 16:41:56', '1990-05-04 20:00:13');
INSERT INTO `communities` (`id`, `name`, `created_at`, `updated_at`) VALUES (63, 'aliquam', '2007-12-19 19:17:33', '1996-03-04 23:45:29');
INSERT INTO `communities` (`id`, `name`, `created_at`, `updated_at`) VALUES (64, 'illum', '2008-06-27 04:35:58', '1993-04-29 20:25:48');
INSERT INTO `communities` (`id`, `name`, `created_at`, `updated_at`) VALUES (65, 'tenetur', '2007-08-11 20:44:50', '1990-01-07 16:21:07');
INSERT INTO `communities` (`id`, `name`, `created_at`, `updated_at`) VALUES (66, 'modi', '1970-03-16 17:10:34', '1987-08-30 17:57:26');
INSERT INTO `communities` (`id`, `name`, `created_at`, `updated_at`) VALUES (67, 'repudiandae', '2002-03-21 17:51:26', '1995-05-08 22:49:31');
INSERT INTO `communities` (`id`, `name`, `created_at`, `updated_at`) VALUES (68, 'asperiores', '1998-05-27 15:53:20', '2018-08-30 04:12:47');
INSERT INTO `communities` (`id`, `name`, `created_at`, `updated_at`) VALUES (69, 'quisquam', '1999-06-28 19:32:27', '1984-06-14 15:29:18');
INSERT INTO `communities` (`id`, `name`, `created_at`, `updated_at`) VALUES (70, 'veritatis', '1978-12-26 23:50:57', '1973-04-03 19:12:45');
INSERT INTO `communities` (`id`, `name`, `created_at`, `updated_at`) VALUES (71, 'amet', '2019-08-01 02:28:48', '1996-05-13 13:32:24');
INSERT INTO `communities` (`id`, `name`, `created_at`, `updated_at`) VALUES (72, 'esse', '1978-02-10 18:44:57', '1997-05-05 01:47:07');
INSERT INTO `communities` (`id`, `name`, `created_at`, `updated_at`) VALUES (73, 'repellat', '1987-02-23 09:44:34', '1981-02-13 00:58:16');
INSERT INTO `communities` (`id`, `name`, `created_at`, `updated_at`) VALUES (74, 'dolor', '1999-12-28 19:28:53', '1972-06-03 05:38:43');
INSERT INTO `communities` (`id`, `name`, `created_at`, `updated_at`) VALUES (75, 'iste', '2016-06-14 07:41:06', '2008-05-18 15:27:57');
INSERT INTO `communities` (`id`, `name`, `created_at`, `updated_at`) VALUES (76, 'quaerat', '1980-07-17 21:15:48', '1985-07-19 18:45:14');
INSERT INTO `communities` (`id`, `name`, `created_at`, `updated_at`) VALUES (77, 'explicabo', '1991-02-22 06:11:13', '2011-03-27 14:05:38');
INSERT INTO `communities` (`id`, `name`, `created_at`, `updated_at`) VALUES (78, 'eos', '2017-02-01 09:44:02', '1997-12-15 22:01:46');
INSERT INTO `communities` (`id`, `name`, `created_at`, `updated_at`) VALUES (79, 'reiciendis', '2009-07-15 14:32:30', '1977-05-04 04:40:30');
INSERT INTO `communities` (`id`, `name`, `created_at`, `updated_at`) VALUES (80, 'voluptatum', '1978-08-22 13:19:14', '2001-12-29 03:14:26');
INSERT INTO `communities` (`id`, `name`, `created_at`, `updated_at`) VALUES (81, 'fugiat', '2011-06-08 08:43:21', '1989-07-15 18:41:18');
INSERT INTO `communities` (`id`, `name`, `created_at`, `updated_at`) VALUES (82, 'dolores', '1980-07-31 16:54:51', '1984-02-05 01:48:32');
INSERT INTO `communities` (`id`, `name`, `created_at`, `updated_at`) VALUES (83, 'tempore', '1992-01-07 07:10:38', '1993-04-21 08:22:13');
INSERT INTO `communities` (`id`, `name`, `created_at`, `updated_at`) VALUES (84, 'ducimus', '2010-07-21 08:08:48', '1998-04-21 21:22:31');
INSERT INTO `communities` (`id`, `name`, `created_at`, `updated_at`) VALUES (85, 'repellendus', '1980-08-26 20:55:15', '1978-12-11 19:02:45');
INSERT INTO `communities` (`id`, `name`, `created_at`, `updated_at`) VALUES (86, 'nihil', '1975-08-07 17:00:28', '2016-08-04 21:16:42');
INSERT INTO `communities` (`id`, `name`, `created_at`, `updated_at`) VALUES (87, 'quasi', '1992-10-08 18:10:38', '2020-03-18 02:34:56');
INSERT INTO `communities` (`id`, `name`, `created_at`, `updated_at`) VALUES (88, 'est', '1977-04-08 23:24:20', '1982-10-21 07:01:27');
INSERT INTO `communities` (`id`, `name`, `created_at`, `updated_at`) VALUES (89, 'natus', '1997-06-23 07:25:42', '2008-12-31 02:08:11');
INSERT INTO `communities` (`id`, `name`, `created_at`, `updated_at`) VALUES (90, 'eligendi', '1991-05-21 21:35:41', '2018-10-18 06:00:38');
INSERT INTO `communities` (`id`, `name`, `created_at`, `updated_at`) VALUES (91, 'quam', '2011-08-25 21:21:13', '1997-06-29 01:04:18');
INSERT INTO `communities` (`id`, `name`, `created_at`, `updated_at`) VALUES (92, 'nesciunt', '1970-03-05 06:32:07', '2002-09-22 14:13:36');
INSERT INTO `communities` (`id`, `name`, `created_at`, `updated_at`) VALUES (93, 'accusamus', '1977-01-29 15:27:03', '2008-02-29 05:31:49');
INSERT INTO `communities` (`id`, `name`, `created_at`, `updated_at`) VALUES (94, 'laborum', '2013-07-20 16:28:13', '1983-04-01 01:01:37');
INSERT INTO `communities` (`id`, `name`, `created_at`, `updated_at`) VALUES (95, 'quos', '1978-03-24 07:17:53', '1972-07-01 22:01:17');
INSERT INTO `communities` (`id`, `name`, `created_at`, `updated_at`) VALUES (96, 'laudantium', '1999-06-20 12:38:30', '2008-09-03 02:52:13');
INSERT INTO `communities` (`id`, `name`, `created_at`, `updated_at`) VALUES (97, 'exercitationem', '2000-10-13 10:36:12', '2012-10-25 00:16:38');
INSERT INTO `communities` (`id`, `name`, `created_at`, `updated_at`) VALUES (98, 'blanditiis', '1994-05-17 13:11:11', '1986-07-08 08:13:13');
INSERT INTO `communities` (`id`, `name`, `created_at`, `updated_at`) VALUES (99, 'incidunt', '1972-09-05 10:08:04', '2011-04-02 03:55:56');
INSERT INTO `communities` (`id`, `name`, `created_at`, `updated_at`) VALUES (100, 'odit', '1988-08-25 15:06:05', '2002-03-21 18:21:25');


#
# TABLE STRUCTURE FOR: like_types
#

DROP TABLE IF EXISTS `like_types`;

CREATE TABLE `like_types` (
  `id` int(10) unsigned NOT NULL AUTO_INCREMENT COMMENT 'Идентификатор сроки',
  `name` varchar(255) COLLATE utf8_unicode_ci NOT NULL COMMENT 'Название типа оценки',
  `created_at` datetime DEFAULT current_timestamp() COMMENT 'Время создания строки',
  `updated_at` datetime DEFAULT current_timestamp() ON UPDATE current_timestamp() COMMENT 'Время обновления строки',
  PRIMARY KEY (`id`),
  UNIQUE KEY `name` (`name`)
) ENGINE=InnoDB DEFAULT CHARSET=utf8 COLLATE=utf8_unicode_ci COMMENT='Типы оценок';

INSERT INTO like_types VALUES
  (NULL, 'plus', NOW(), NOW()),
  (NULL, 'minus', NOW(), NOW());
#
# TABLE STRUCTURE FOR: likes
#

DROP TABLE IF EXISTS `likes`;

CREATE TABLE `likes` (
  `id` int(10) unsigned NOT NULL AUTO_INCREMENT COMMENT 'Идентификатор сроки',
  `user_id` int(10) unsigned NOT NULL COMMENT 'Ссылка на автора оценки',
  `target_id` int(10) unsigned NOT NULL COMMENT 'Ссылка на оцениваемый объект',
  `target_type_id` int(10) unsigned NOT NULL COMMENT 'Тип оцениваемого объекта',
  `like_type_id` int(10) unsigned NOT NULL COMMENT 'Тип оценки',
  `created_at` datetime DEFAULT current_timestamp() COMMENT 'Время создания строки',
  `updated_at` datetime DEFAULT current_timestamp() ON UPDATE current_timestamp() COMMENT 'Время обновления строки',
  PRIMARY KEY (`id`)
) ENGINE=InnoDB AUTO_INCREMENT=101 DEFAULT CHARSET=utf8 COLLATE=utf8_unicode_ci COMMENT='Комментарии';

INSERT INTO `likes` (`id`, `user_id`, `target_id`, `target_type_id`, `like_type_id`, `created_at`, `updated_at`) VALUES (1, 54, 27, 2, 2, '1977-12-17 14:36:36', '2003-10-06 09:17:44');
INSERT INTO `likes` (`id`, `user_id`, `target_id`, `target_type_id`, `like_type_id`, `created_at`, `updated_at`) VALUES (2, 26, 67, 3, 1, '1996-11-02 19:02:43', '1984-10-02 22:30:00');
INSERT INTO `likes` (`id`, `user_id`, `target_id`, `target_type_id`, `like_type_id`, `created_at`, `updated_at`) VALUES (3, 93, 9, 3, 1, '2010-10-02 23:55:10', '1990-04-01 21:28:55');
INSERT INTO `likes` (`id`, `user_id`, `target_id`, `target_type_id`, `like_type_id`, `created_at`, `updated_at`) VALUES (4, 47, 39, 3, 2, '1972-07-05 07:49:44', '1976-05-03 13:00:50');
INSERT INTO `likes` (`id`, `user_id`, `target_id`, `target_type_id`, `like_type_id`, `created_at`, `updated_at`) VALUES (5, 76, 16, 3, 2, '1973-01-04 12:56:40', '1990-08-05 12:08:02');
INSERT INTO `likes` (`id`, `user_id`, `target_id`, `target_type_id`, `like_type_id`, `created_at`, `updated_at`) VALUES (6, 88, 11, 2, 2, '1984-10-14 16:01:32', '2019-10-11 09:34:17');
INSERT INTO `likes` (`id`, `user_id`, `target_id`, `target_type_id`, `like_type_id`, `created_at`, `updated_at`) VALUES (7, 97, 38, 2, 2, '2013-06-15 07:42:16', '2019-10-07 11:04:49');
INSERT INTO `likes` (`id`, `user_id`, `target_id`, `target_type_id`, `like_type_id`, `created_at`, `updated_at`) VALUES (8, 80, 36, 2, 1, '2000-05-13 13:40:07', '2007-04-26 04:16:44');
INSERT INTO `likes` (`id`, `user_id`, `target_id`, `target_type_id`, `like_type_id`, `created_at`, `updated_at`) VALUES (9, 77, 33, 3, 1, '1973-06-18 07:17:51', '1979-08-25 17:17:29');
INSERT INTO `likes` (`id`, `user_id`, `target_id`, `target_type_id`, `like_type_id`, `created_at`, `updated_at`) VALUES (10, 71, 88, 2, 2, '1992-12-20 10:41:13', '1990-05-08 23:37:24');
INSERT INTO `likes` (`id`, `user_id`, `target_id`, `target_type_id`, `like_type_id`, `created_at`, `updated_at`) VALUES (11, 39, 3, 2, 1, '2016-08-25 07:08:14', '2015-12-17 08:35:06');
INSERT INTO `likes` (`id`, `user_id`, `target_id`, `target_type_id`, `like_type_id`, `created_at`, `updated_at`) VALUES (12, 85, 42, 3, 2, '1997-01-11 20:40:48', '1984-12-15 16:30:17');
INSERT INTO `likes` (`id`, `user_id`, `target_id`, `target_type_id`, `like_type_id`, `created_at`, `updated_at`) VALUES (13, 56, 5, 3, 1, '2000-08-28 13:41:35', '2014-12-22 00:07:28');
INSERT INTO `likes` (`id`, `user_id`, `target_id`, `target_type_id`, `like_type_id`, `created_at`, `updated_at`) VALUES (14, 64, 68, 3, 1, '2010-05-03 13:22:24', '1974-07-26 00:36:04');
INSERT INTO `likes` (`id`, `user_id`, `target_id`, `target_type_id`, `like_type_id`, `created_at`, `updated_at`) VALUES (15, 99, 29, 3, 2, '1988-05-30 06:40:11', '1978-09-06 01:36:42');
INSERT INTO `likes` (`id`, `user_id`, `target_id`, `target_type_id`, `like_type_id`, `created_at`, `updated_at`) VALUES (16, 73, 36, 3, 1, '2014-05-05 07:15:29', '2000-08-14 23:14:29');
INSERT INTO `likes` (`id`, `user_id`, `target_id`, `target_type_id`, `like_type_id`, `created_at`, `updated_at`) VALUES (17, 45, 65, 3, 2, '1987-02-09 22:03:17', '2006-11-16 13:12:45');
INSERT INTO `likes` (`id`, `user_id`, `target_id`, `target_type_id`, `like_type_id`, `created_at`, `updated_at`) VALUES (18, 16, 96, 2, 2, '2006-07-04 00:31:05', '1984-07-15 17:06:08');
INSERT INTO `likes` (`id`, `user_id`, `target_id`, `target_type_id`, `like_type_id`, `created_at`, `updated_at`) VALUES (19, 47, 89, 3, 2, '1988-01-14 09:10:39', '1973-01-03 08:36:14');
INSERT INTO `likes` (`id`, `user_id`, `target_id`, `target_type_id`, `like_type_id`, `created_at`, `updated_at`) VALUES (20, 7, 72, 2, 1, '1999-08-05 20:08:54', '1987-12-29 20:44:08');
INSERT INTO `likes` (`id`, `user_id`, `target_id`, `target_type_id`, `like_type_id`, `created_at`, `updated_at`) VALUES (21, 25, 83, 3, 1, '1983-09-01 02:04:21', '1973-12-08 13:32:59');
INSERT INTO `likes` (`id`, `user_id`, `target_id`, `target_type_id`, `like_type_id`, `created_at`, `updated_at`) VALUES (22, 9, 96, 3, 2, '1984-04-30 14:17:31', '2005-01-23 12:19:34');
INSERT INTO `likes` (`id`, `user_id`, `target_id`, `target_type_id`, `like_type_id`, `created_at`, `updated_at`) VALUES (23, 34, 51, 2, 1, '1995-08-28 06:15:25', '1992-07-31 07:34:52');
INSERT INTO `likes` (`id`, `user_id`, `target_id`, `target_type_id`, `like_type_id`, `created_at`, `updated_at`) VALUES (24, 27, 35, 2, 1, '1970-04-14 07:13:15', '2006-07-22 06:03:41');
INSERT INTO `likes` (`id`, `user_id`, `target_id`, `target_type_id`, `like_type_id`, `created_at`, `updated_at`) VALUES (25, 71, 99, 3, 2, '1988-05-16 09:30:17', '1987-04-26 10:19:02');
INSERT INTO `likes` (`id`, `user_id`, `target_id`, `target_type_id`, `like_type_id`, `created_at`, `updated_at`) VALUES (26, 28, 56, 2, 2, '2000-12-30 06:46:38', '1971-12-04 08:57:23');
INSERT INTO `likes` (`id`, `user_id`, `target_id`, `target_type_id`, `like_type_id`, `created_at`, `updated_at`) VALUES (27, 61, 66, 3, 1, '1991-09-23 16:20:52', '1983-10-24 14:53:26');
INSERT INTO `likes` (`id`, `user_id`, `target_id`, `target_type_id`, `like_type_id`, `created_at`, `updated_at`) VALUES (28, 5, 44, 2, 1, '1983-04-13 00:33:42', '2015-04-10 09:23:52');
INSERT INTO `likes` (`id`, `user_id`, `target_id`, `target_type_id`, `like_type_id`, `created_at`, `updated_at`) VALUES (29, 60, 40, 2, 1, '2019-10-24 23:22:07', '1970-03-24 03:38:50');
INSERT INTO `likes` (`id`, `user_id`, `target_id`, `target_type_id`, `like_type_id`, `created_at`, `updated_at`) VALUES (30, 34, 3, 2, 2, '1998-04-22 20:11:28', '1985-12-18 16:23:25');
INSERT INTO `likes` (`id`, `user_id`, `target_id`, `target_type_id`, `like_type_id`, `created_at`, `updated_at`) VALUES (31, 49, 55, 3, 1, '2002-11-02 15:07:27', '1998-07-01 16:04:10');
INSERT INTO `likes` (`id`, `user_id`, `target_id`, `target_type_id`, `like_type_id`, `created_at`, `updated_at`) VALUES (32, 89, 1, 3, 2, '1996-09-26 21:50:30', '1982-05-10 06:25:39');
INSERT INTO `likes` (`id`, `user_id`, `target_id`, `target_type_id`, `like_type_id`, `created_at`, `updated_at`) VALUES (33, 46, 11, 2, 2, '1980-05-05 02:56:50', '1993-12-25 03:53:24');
INSERT INTO `likes` (`id`, `user_id`, `target_id`, `target_type_id`, `like_type_id`, `created_at`, `updated_at`) VALUES (34, 4, 77, 3, 1, '2019-07-05 10:05:31', '1997-03-07 12:08:08');
INSERT INTO `likes` (`id`, `user_id`, `target_id`, `target_type_id`, `like_type_id`, `created_at`, `updated_at`) VALUES (35, 2, 24, 3, 2, '2013-11-16 18:04:14', '2014-11-07 10:38:12');
INSERT INTO `likes` (`id`, `user_id`, `target_id`, `target_type_id`, `like_type_id`, `created_at`, `updated_at`) VALUES (36, 6, 67, 3, 2, '2012-10-28 14:27:18', '2004-11-20 21:38:43');
INSERT INTO `likes` (`id`, `user_id`, `target_id`, `target_type_id`, `like_type_id`, `created_at`, `updated_at`) VALUES (37, 56, 49, 2, 2, '1983-02-21 08:39:41', '2000-07-17 19:10:15');
INSERT INTO `likes` (`id`, `user_id`, `target_id`, `target_type_id`, `like_type_id`, `created_at`, `updated_at`) VALUES (38, 95, 29, 2, 1, '1999-08-25 14:01:03', '2002-12-15 17:03:33');
INSERT INTO `likes` (`id`, `user_id`, `target_id`, `target_type_id`, `like_type_id`, `created_at`, `updated_at`) VALUES (39, 24, 72, 3, 2, '2017-11-04 13:18:54', '1989-12-22 01:57:10');
INSERT INTO `likes` (`id`, `user_id`, `target_id`, `target_type_id`, `like_type_id`, `created_at`, `updated_at`) VALUES (40, 100, 12, 3, 1, '2000-06-06 06:44:02', '1987-02-07 06:34:42');
INSERT INTO `likes` (`id`, `user_id`, `target_id`, `target_type_id`, `like_type_id`, `created_at`, `updated_at`) VALUES (41, 15, 26, 2, 1, '2001-12-08 09:25:47', '2010-07-11 18:45:39');
INSERT INTO `likes` (`id`, `user_id`, `target_id`, `target_type_id`, `like_type_id`, `created_at`, `updated_at`) VALUES (42, 34, 63, 2, 1, '2017-09-30 04:55:07', '1979-04-23 21:52:31');
INSERT INTO `likes` (`id`, `user_id`, `target_id`, `target_type_id`, `like_type_id`, `created_at`, `updated_at`) VALUES (43, 57, 29, 3, 1, '1978-12-16 04:08:59', '1991-03-26 06:13:58');
INSERT INTO `likes` (`id`, `user_id`, `target_id`, `target_type_id`, `like_type_id`, `created_at`, `updated_at`) VALUES (44, 65, 60, 3, 1, '1987-05-29 15:07:52', '2008-01-23 06:39:08');
INSERT INTO `likes` (`id`, `user_id`, `target_id`, `target_type_id`, `like_type_id`, `created_at`, `updated_at`) VALUES (45, 31, 93, 2, 2, '1977-10-26 06:25:48', '1973-01-26 09:51:09');
INSERT INTO `likes` (`id`, `user_id`, `target_id`, `target_type_id`, `like_type_id`, `created_at`, `updated_at`) VALUES (46, 15, 5, 2, 1, '2000-12-15 13:28:38', '1996-11-04 01:19:13');
INSERT INTO `likes` (`id`, `user_id`, `target_id`, `target_type_id`, `like_type_id`, `created_at`, `updated_at`) VALUES (47, 61, 9, 3, 1, '2012-10-02 19:28:58', '1989-02-06 09:48:58');
INSERT INTO `likes` (`id`, `user_id`, `target_id`, `target_type_id`, `like_type_id`, `created_at`, `updated_at`) VALUES (48, 27, 49, 2, 1, '1990-07-18 08:05:12', '2010-01-30 22:13:32');
INSERT INTO `likes` (`id`, `user_id`, `target_id`, `target_type_id`, `like_type_id`, `created_at`, `updated_at`) VALUES (49, 35, 93, 3, 1, '2011-09-04 23:08:06', '1974-07-07 13:46:51');
INSERT INTO `likes` (`id`, `user_id`, `target_id`, `target_type_id`, `like_type_id`, `created_at`, `updated_at`) VALUES (50, 6, 34, 3, 1, '2016-06-04 12:40:32', '1995-02-17 13:24:46');
INSERT INTO `likes` (`id`, `user_id`, `target_id`, `target_type_id`, `like_type_id`, `created_at`, `updated_at`) VALUES (51, 27, 58, 3, 2, '1973-02-07 14:29:31', '1974-06-08 08:22:04');
INSERT INTO `likes` (`id`, `user_id`, `target_id`, `target_type_id`, `like_type_id`, `created_at`, `updated_at`) VALUES (52, 86, 8, 3, 1, '2004-01-08 13:18:28', '2020-03-17 23:41:24');
INSERT INTO `likes` (`id`, `user_id`, `target_id`, `target_type_id`, `like_type_id`, `created_at`, `updated_at`) VALUES (53, 45, 19, 2, 1, '1971-02-24 04:09:12', '1978-11-05 17:17:24');
INSERT INTO `likes` (`id`, `user_id`, `target_id`, `target_type_id`, `like_type_id`, `created_at`, `updated_at`) VALUES (54, 60, 88, 2, 1, '1973-07-01 22:45:12', '1990-11-13 08:49:34');
INSERT INTO `likes` (`id`, `user_id`, `target_id`, `target_type_id`, `like_type_id`, `created_at`, `updated_at`) VALUES (55, 74, 61, 3, 1, '1982-08-19 16:48:07', '1990-08-22 06:57:39');
INSERT INTO `likes` (`id`, `user_id`, `target_id`, `target_type_id`, `like_type_id`, `created_at`, `updated_at`) VALUES (56, 73, 12, 2, 2, '2007-06-17 10:54:57', '2000-10-04 04:31:41');
INSERT INTO `likes` (`id`, `user_id`, `target_id`, `target_type_id`, `like_type_id`, `created_at`, `updated_at`) VALUES (57, 61, 54, 2, 1, '1992-08-09 11:53:55', '2006-02-27 19:34:01');
INSERT INTO `likes` (`id`, `user_id`, `target_id`, `target_type_id`, `like_type_id`, `created_at`, `updated_at`) VALUES (58, 1, 58, 3, 2, '1972-07-23 16:38:36', '2015-05-23 00:33:27');
INSERT INTO `likes` (`id`, `user_id`, `target_id`, `target_type_id`, `like_type_id`, `created_at`, `updated_at`) VALUES (59, 49, 44, 3, 1, '1971-11-12 20:29:52', '1996-11-30 04:52:52');
INSERT INTO `likes` (`id`, `user_id`, `target_id`, `target_type_id`, `like_type_id`, `created_at`, `updated_at`) VALUES (60, 42, 18, 3, 2, '2004-09-23 00:07:38', '1996-07-21 10:30:06');
INSERT INTO `likes` (`id`, `user_id`, `target_id`, `target_type_id`, `like_type_id`, `created_at`, `updated_at`) VALUES (61, 9, 42, 2, 1, '1975-12-20 07:33:40', '2007-01-28 16:09:04');
INSERT INTO `likes` (`id`, `user_id`, `target_id`, `target_type_id`, `like_type_id`, `created_at`, `updated_at`) VALUES (62, 78, 74, 2, 2, '1987-11-03 15:45:54', '2018-08-19 23:39:32');
INSERT INTO `likes` (`id`, `user_id`, `target_id`, `target_type_id`, `like_type_id`, `created_at`, `updated_at`) VALUES (63, 95, 11, 2, 2, '1989-09-12 01:37:00', '1974-01-21 14:21:40');
INSERT INTO `likes` (`id`, `user_id`, `target_id`, `target_type_id`, `like_type_id`, `created_at`, `updated_at`) VALUES (64, 4, 24, 3, 1, '2016-07-20 03:45:28', '2018-12-22 20:03:40');
INSERT INTO `likes` (`id`, `user_id`, `target_id`, `target_type_id`, `like_type_id`, `created_at`, `updated_at`) VALUES (65, 70, 17, 3, 1, '2013-05-06 01:24:41', '1984-01-21 07:43:26');
INSERT INTO `likes` (`id`, `user_id`, `target_id`, `target_type_id`, `like_type_id`, `created_at`, `updated_at`) VALUES (66, 91, 97, 2, 2, '2014-03-19 21:12:02', '1998-08-09 11:57:33');
INSERT INTO `likes` (`id`, `user_id`, `target_id`, `target_type_id`, `like_type_id`, `created_at`, `updated_at`) VALUES (67, 15, 19, 3, 1, '2009-01-02 04:50:53', '1973-08-10 16:40:37');
INSERT INTO `likes` (`id`, `user_id`, `target_id`, `target_type_id`, `like_type_id`, `created_at`, `updated_at`) VALUES (68, 59, 31, 3, 2, '1973-05-29 05:43:21', '2004-02-21 13:06:45');
INSERT INTO `likes` (`id`, `user_id`, `target_id`, `target_type_id`, `like_type_id`, `created_at`, `updated_at`) VALUES (69, 3, 3, 3, 1, '2011-08-18 18:21:24', '1976-02-17 21:34:57');
INSERT INTO `likes` (`id`, `user_id`, `target_id`, `target_type_id`, `like_type_id`, `created_at`, `updated_at`) VALUES (70, 67, 5, 2, 2, '2009-12-13 02:10:21', '1972-05-13 20:08:20');
INSERT INTO `likes` (`id`, `user_id`, `target_id`, `target_type_id`, `like_type_id`, `created_at`, `updated_at`) VALUES (71, 6, 78, 3, 1, '1982-10-04 11:50:41', '1983-06-17 14:33:00');
INSERT INTO `likes` (`id`, `user_id`, `target_id`, `target_type_id`, `like_type_id`, `created_at`, `updated_at`) VALUES (72, 88, 26, 2, 2, '1982-02-12 09:57:45', '1976-01-31 05:15:59');
INSERT INTO `likes` (`id`, `user_id`, `target_id`, `target_type_id`, `like_type_id`, `created_at`, `updated_at`) VALUES (73, 90, 28, 2, 1, '1994-03-03 07:18:55', '2018-09-10 02:44:10');
INSERT INTO `likes` (`id`, `user_id`, `target_id`, `target_type_id`, `like_type_id`, `created_at`, `updated_at`) VALUES (74, 39, 45, 3, 1, '1982-04-22 05:52:27', '1997-08-22 22:22:49');
INSERT INTO `likes` (`id`, `user_id`, `target_id`, `target_type_id`, `like_type_id`, `created_at`, `updated_at`) VALUES (75, 41, 11, 2, 1, '1972-02-12 14:47:06', '1995-04-12 22:40:20');
INSERT INTO `likes` (`id`, `user_id`, `target_id`, `target_type_id`, `like_type_id`, `created_at`, `updated_at`) VALUES (76, 25, 58, 2, 1, '2015-04-17 19:53:34', '2002-03-24 03:57:12');
INSERT INTO `likes` (`id`, `user_id`, `target_id`, `target_type_id`, `like_type_id`, `created_at`, `updated_at`) VALUES (77, 35, 65, 3, 2, '2011-12-21 08:39:23', '2000-05-08 14:46:08');
INSERT INTO `likes` (`id`, `user_id`, `target_id`, `target_type_id`, `like_type_id`, `created_at`, `updated_at`) VALUES (78, 73, 5, 2, 1, '1999-04-04 15:37:36', '2004-10-12 07:43:32');
INSERT INTO `likes` (`id`, `user_id`, `target_id`, `target_type_id`, `like_type_id`, `created_at`, `updated_at`) VALUES (79, 10, 59, 3, 2, '1995-03-10 11:05:43', '2018-05-08 17:24:12');
INSERT INTO `likes` (`id`, `user_id`, `target_id`, `target_type_id`, `like_type_id`, `created_at`, `updated_at`) VALUES (80, 28, 66, 2, 1, '2008-04-05 19:58:06', '2019-07-11 02:50:01');
INSERT INTO `likes` (`id`, `user_id`, `target_id`, `target_type_id`, `like_type_id`, `created_at`, `updated_at`) VALUES (81, 24, 43, 2, 2, '1993-11-07 06:16:46', '2013-10-02 16:38:51');
INSERT INTO `likes` (`id`, `user_id`, `target_id`, `target_type_id`, `like_type_id`, `created_at`, `updated_at`) VALUES (82, 13, 24, 2, 2, '1999-07-14 02:00:00', '2016-09-20 05:26:07');
INSERT INTO `likes` (`id`, `user_id`, `target_id`, `target_type_id`, `like_type_id`, `created_at`, `updated_at`) VALUES (83, 77, 71, 2, 2, '1976-01-26 15:09:59', '1984-09-29 19:32:37');
INSERT INTO `likes` (`id`, `user_id`, `target_id`, `target_type_id`, `like_type_id`, `created_at`, `updated_at`) VALUES (84, 20, 96, 2, 2, '1978-12-05 01:56:31', '1980-10-27 07:57:47');
INSERT INTO `likes` (`id`, `user_id`, `target_id`, `target_type_id`, `like_type_id`, `created_at`, `updated_at`) VALUES (85, 88, 45, 3, 2, '2001-06-05 02:44:30', '1971-02-26 23:23:22');
INSERT INTO `likes` (`id`, `user_id`, `target_id`, `target_type_id`, `like_type_id`, `created_at`, `updated_at`) VALUES (86, 11, 31, 2, 1, '1994-06-03 07:36:40', '2011-07-08 15:59:54');
INSERT INTO `likes` (`id`, `user_id`, `target_id`, `target_type_id`, `like_type_id`, `created_at`, `updated_at`) VALUES (87, 28, 4, 3, 2, '1998-07-29 04:41:16', '2020-02-18 05:48:44');
INSERT INTO `likes` (`id`, `user_id`, `target_id`, `target_type_id`, `like_type_id`, `created_at`, `updated_at`) VALUES (88, 11, 83, 3, 2, '1999-03-29 03:50:33', '1981-07-03 16:32:59');
INSERT INTO `likes` (`id`, `user_id`, `target_id`, `target_type_id`, `like_type_id`, `created_at`, `updated_at`) VALUES (89, 75, 98, 3, 1, '2000-05-08 04:45:58', '1982-02-01 05:55:08');
INSERT INTO `likes` (`id`, `user_id`, `target_id`, `target_type_id`, `like_type_id`, `created_at`, `updated_at`) VALUES (90, 83, 53, 2, 2, '1995-04-05 11:53:57', '1975-05-28 15:03:53');
INSERT INTO `likes` (`id`, `user_id`, `target_id`, `target_type_id`, `like_type_id`, `created_at`, `updated_at`) VALUES (91, 32, 37, 2, 2, '2015-11-10 19:39:48', '2019-07-11 21:48:22');
INSERT INTO `likes` (`id`, `user_id`, `target_id`, `target_type_id`, `like_type_id`, `created_at`, `updated_at`) VALUES (92, 64, 99, 3, 1, '2010-10-26 19:37:53', '1996-03-19 08:12:32');
INSERT INTO `likes` (`id`, `user_id`, `target_id`, `target_type_id`, `like_type_id`, `created_at`, `updated_at`) VALUES (93, 4, 37, 3, 1, '1982-09-15 11:50:02', '2006-06-03 10:02:18');
INSERT INTO `likes` (`id`, `user_id`, `target_id`, `target_type_id`, `like_type_id`, `created_at`, `updated_at`) VALUES (94, 31, 70, 3, 2, '1998-10-11 22:04:45', '1983-01-10 17:21:28');
INSERT INTO `likes` (`id`, `user_id`, `target_id`, `target_type_id`, `like_type_id`, `created_at`, `updated_at`) VALUES (95, 97, 16, 2, 2, '1984-08-12 08:02:39', '2017-07-28 05:33:51');
INSERT INTO `likes` (`id`, `user_id`, `target_id`, `target_type_id`, `like_type_id`, `created_at`, `updated_at`) VALUES (96, 87, 6, 2, 2, '2014-02-03 20:36:12', '2011-05-09 20:34:04');
INSERT INTO `likes` (`id`, `user_id`, `target_id`, `target_type_id`, `like_type_id`, `created_at`, `updated_at`) VALUES (97, 96, 32, 3, 2, '1974-10-08 03:09:11', '2016-09-21 20:23:26');
INSERT INTO `likes` (`id`, `user_id`, `target_id`, `target_type_id`, `like_type_id`, `created_at`, `updated_at`) VALUES (98, 51, 35, 2, 1, '1982-12-02 23:40:29', '2018-11-18 10:16:48');
INSERT INTO `likes` (`id`, `user_id`, `target_id`, `target_type_id`, `like_type_id`, `created_at`, `updated_at`) VALUES (99, 79, 58, 3, 2, '1975-08-27 09:31:57', '1989-03-11 23:51:01');
INSERT INTO `likes` (`id`, `user_id`, `target_id`, `target_type_id`, `like_type_id`, `created_at`, `updated_at`) VALUES (100, 79, 16, 2, 2, '2015-05-08 18:48:01', '1991-01-08 02:38:49');


#
# TABLE STRUCTURE FOR: media
#

DROP TABLE IF EXISTS `media`;

CREATE TABLE `media` (
  `id` int(10) unsigned NOT NULL AUTO_INCREMENT COMMENT 'Идентификатор строки',
  `user_id` int(10) unsigned NOT NULL COMMENT 'Ссылка на пользователя, который загрузил файл',
  `filename` varchar(255) COLLATE utf8_unicode_ci NOT NULL COMMENT 'Путь к файлу',
  `size` int(11) NOT NULL COMMENT 'Размер файла',
  `metadata` longtext CHARACTER SET utf8mb4 COLLATE utf8mb4_bin DEFAULT NULL COMMENT 'Метаданные файла' CHECK (json_valid(`metadata`)),
  `media_type_id` int(10) unsigned NOT NULL COMMENT 'Ссылка на тип контента',
  `created_at` datetime DEFAULT current_timestamp() COMMENT 'Время создания строки',
  `updated_at` datetime DEFAULT current_timestamp() ON UPDATE current_timestamp() COMMENT 'Время обновления строки',
  PRIMARY KEY (`id`)
) ENGINE=InnoDB AUTO_INCREMENT=101 DEFAULT CHARSET=utf8 COLLATE=utf8_unicode_ci COMMENT='Медиафайлы';

INSERT INTO `media` (`id`, `user_id`, `filename`, `size`, `metadata`, `media_type_id`, `created_at`, `updated_at`) VALUES (1, 12, 'eum', 53249, NULL, 9, '2008-02-19 08:18:24', '1982-08-09 10:33:30');
INSERT INTO `media` (`id`, `user_id`, `filename`, `size`, `metadata`, `media_type_id`, `created_at`, `updated_at`) VALUES (2, 76, 'rerum', 881255, NULL, 10, '1997-07-08 04:48:19', '1979-03-24 18:55:18');
INSERT INTO `media` (`id`, `user_id`, `filename`, `size`, `metadata`, `media_type_id`, `created_at`, `updated_at`) VALUES (3, 67, 'maxime', 0, NULL, 17, '1979-01-06 20:53:34', '1995-03-10 07:02:24');
INSERT INTO `media` (`id`, `user_id`, `filename`, `size`, `metadata`, `media_type_id`, `created_at`, `updated_at`) VALUES (4, 92, 'et', 239464887, NULL, 2, '2003-08-11 05:36:43', '1976-04-04 11:34:41');
INSERT INTO `media` (`id`, `user_id`, `filename`, `size`, `metadata`, `media_type_id`, `created_at`, `updated_at`) VALUES (5, 85, 'autem', 883, NULL, 20, '1997-11-01 10:44:09', '1974-04-16 18:43:52');
INSERT INTO `media` (`id`, `user_id`, `filename`, `size`, `metadata`, `media_type_id`, `created_at`, `updated_at`) VALUES (6, 23, 'et', 369, NULL, 19, '2003-11-25 00:38:21', '1983-02-28 23:49:16');
INSERT INTO `media` (`id`, `user_id`, `filename`, `size`, `metadata`, `media_type_id`, `created_at`, `updated_at`) VALUES (7, 69, 'ut', 0, NULL, 12, '2018-12-05 20:13:26', '2007-05-08 18:17:56');
INSERT INTO `media` (`id`, `user_id`, `filename`, `size`, `metadata`, `media_type_id`, `created_at`, `updated_at`) VALUES (8, 40, 'autem', 283395774, NULL, 10, '1999-10-23 07:42:51', '1982-10-03 11:58:08');
INSERT INTO `media` (`id`, `user_id`, `filename`, `size`, `metadata`, `media_type_id`, `created_at`, `updated_at`) VALUES (9, 5, 'veniam', 6485, NULL, 10, '1975-08-27 17:04:45', '1988-12-01 17:41:40');
INSERT INTO `media` (`id`, `user_id`, `filename`, `size`, `metadata`, `media_type_id`, `created_at`, `updated_at`) VALUES (10, 47, 'perspiciatis', 583469, NULL, 7, '1984-02-02 17:02:05', '1997-06-03 19:18:51');
INSERT INTO `media` (`id`, `user_id`, `filename`, `size`, `metadata`, `media_type_id`, `created_at`, `updated_at`) VALUES (11, 53, 'consequuntur', 54, NULL, 8, '2013-01-10 20:53:46', '2011-04-04 07:09:13');
INSERT INTO `media` (`id`, `user_id`, `filename`, `size`, `metadata`, `media_type_id`, `created_at`, `updated_at`) VALUES (12, 7, 'similique', 0, NULL, 5, '2014-11-02 18:49:50', '1980-12-22 10:04:55');
INSERT INTO `media` (`id`, `user_id`, `filename`, `size`, `metadata`, `media_type_id`, `created_at`, `updated_at`) VALUES (13, 84, 'et', 915, NULL, 6, '1974-04-01 18:11:01', '1972-07-01 02:43:35');
INSERT INTO `media` (`id`, `user_id`, `filename`, `size`, `metadata`, `media_type_id`, `created_at`, `updated_at`) VALUES (14, 49, 'officia', 574, NULL, 1, '1974-11-10 09:07:30', '1970-12-29 00:05:32');
INSERT INTO `media` (`id`, `user_id`, `filename`, `size`, `metadata`, `media_type_id`, `created_at`, `updated_at`) VALUES (15, 1, 'autem', 0, NULL, 9, '2013-11-17 08:25:17', '1976-12-24 06:25:21');
INSERT INTO `media` (`id`, `user_id`, `filename`, `size`, `metadata`, `media_type_id`, `created_at`, `updated_at`) VALUES (16, 48, 'sit', 1898, NULL, 2, '2013-03-02 09:22:25', '2014-02-24 16:43:57');
INSERT INTO `media` (`id`, `user_id`, `filename`, `size`, `metadata`, `media_type_id`, `created_at`, `updated_at`) VALUES (17, 64, 'autem', 53922040, NULL, 7, '2000-01-29 18:16:31', '1993-07-19 21:30:20');
INSERT INTO `media` (`id`, `user_id`, `filename`, `size`, `metadata`, `media_type_id`, `created_at`, `updated_at`) VALUES (18, 62, 'esse', 863172289, NULL, 8, '2018-05-21 12:57:12', '1996-05-28 05:31:30');
INSERT INTO `media` (`id`, `user_id`, `filename`, `size`, `metadata`, `media_type_id`, `created_at`, `updated_at`) VALUES (19, 60, 'dignissimos', 20343, NULL, 16, '2015-03-27 22:30:32', '2000-08-14 06:01:26');
INSERT INTO `media` (`id`, `user_id`, `filename`, `size`, `metadata`, `media_type_id`, `created_at`, `updated_at`) VALUES (20, 49, 'incidunt', 9600, NULL, 9, '1987-05-13 03:13:03', '1983-05-22 17:03:38');
INSERT INTO `media` (`id`, `user_id`, `filename`, `size`, `metadata`, `media_type_id`, `created_at`, `updated_at`) VALUES (21, 97, 'aut', 10534290, NULL, 14, '1979-09-19 12:25:36', '2002-12-14 23:10:21');
INSERT INTO `media` (`id`, `user_id`, `filename`, `size`, `metadata`, `media_type_id`, `created_at`, `updated_at`) VALUES (22, 16, 'et', 4, NULL, 9, '1985-05-06 20:39:53', '1973-11-16 08:56:37');
INSERT INTO `media` (`id`, `user_id`, `filename`, `size`, `metadata`, `media_type_id`, `created_at`, `updated_at`) VALUES (23, 48, 'ut', 21197199, NULL, 8, '1983-08-04 04:52:56', '2000-11-03 18:38:02');
INSERT INTO `media` (`id`, `user_id`, `filename`, `size`, `metadata`, `media_type_id`, `created_at`, `updated_at`) VALUES (24, 47, 'nam', 4832, NULL, 18, '1998-09-25 05:36:44', '2002-06-12 16:27:06');
INSERT INTO `media` (`id`, `user_id`, `filename`, `size`, `metadata`, `media_type_id`, `created_at`, `updated_at`) VALUES (25, 2, 'itaque', 666481, NULL, 8, '1988-07-01 15:51:26', '1990-01-03 03:26:41');
INSERT INTO `media` (`id`, `user_id`, `filename`, `size`, `metadata`, `media_type_id`, `created_at`, `updated_at`) VALUES (26, 25, 'sed', 5, NULL, 14, '1995-06-03 00:25:58', '2004-03-16 12:44:09');
INSERT INTO `media` (`id`, `user_id`, `filename`, `size`, `metadata`, `media_type_id`, `created_at`, `updated_at`) VALUES (27, 85, 'architecto', 0, NULL, 1, '1997-08-13 00:19:50', '1994-01-10 18:44:49');
INSERT INTO `media` (`id`, `user_id`, `filename`, `size`, `metadata`, `media_type_id`, `created_at`, `updated_at`) VALUES (28, 92, 'sint', 73, NULL, 7, '1993-11-02 06:29:43', '1971-06-14 15:01:32');
INSERT INTO `media` (`id`, `user_id`, `filename`, `size`, `metadata`, `media_type_id`, `created_at`, `updated_at`) VALUES (29, 40, 'aut', 70134, NULL, 12, '1982-10-23 20:52:55', '1995-12-06 21:05:35');
INSERT INTO `media` (`id`, `user_id`, `filename`, `size`, `metadata`, `media_type_id`, `created_at`, `updated_at`) VALUES (30, 30, 'qui', 1719, NULL, 5, '1978-09-05 09:38:54', '1974-11-17 08:55:03');
INSERT INTO `media` (`id`, `user_id`, `filename`, `size`, `metadata`, `media_type_id`, `created_at`, `updated_at`) VALUES (31, 94, 'dolores', 6, NULL, 10, '1986-05-22 08:01:36', '1992-12-17 06:41:42');
INSERT INTO `media` (`id`, `user_id`, `filename`, `size`, `metadata`, `media_type_id`, `created_at`, `updated_at`) VALUES (32, 33, 'blanditiis', 4, NULL, 13, '1971-10-11 11:36:54', '2009-07-12 08:37:42');
INSERT INTO `media` (`id`, `user_id`, `filename`, `size`, `metadata`, `media_type_id`, `created_at`, `updated_at`) VALUES (33, 88, 'harum', 825566954, NULL, 18, '1980-10-10 21:00:21', '1974-06-12 05:08:40');
INSERT INTO `media` (`id`, `user_id`, `filename`, `size`, `metadata`, `media_type_id`, `created_at`, `updated_at`) VALUES (34, 55, 'et', 0, NULL, 18, '1976-06-10 10:16:59', '1982-02-03 16:47:45');
INSERT INTO `media` (`id`, `user_id`, `filename`, `size`, `metadata`, `media_type_id`, `created_at`, `updated_at`) VALUES (35, 28, 'quas', 950931142, NULL, 17, '1989-06-30 11:41:15', '1977-09-28 04:19:25');
INSERT INTO `media` (`id`, `user_id`, `filename`, `size`, `metadata`, `media_type_id`, `created_at`, `updated_at`) VALUES (36, 31, 'omnis', 720, NULL, 9, '2017-07-06 20:04:54', '1986-02-24 05:28:46');
INSERT INTO `media` (`id`, `user_id`, `filename`, `size`, `metadata`, `media_type_id`, `created_at`, `updated_at`) VALUES (37, 21, 'asperiores', 776483949, NULL, 7, '2001-07-22 08:14:34', '2013-08-02 18:48:23');
INSERT INTO `media` (`id`, `user_id`, `filename`, `size`, `metadata`, `media_type_id`, `created_at`, `updated_at`) VALUES (38, 34, 'blanditiis', 3138029, NULL, 9, '1985-06-29 22:24:57', '1971-01-09 19:38:31');
INSERT INTO `media` (`id`, `user_id`, `filename`, `size`, `metadata`, `media_type_id`, `created_at`, `updated_at`) VALUES (39, 68, 'laborum', 79851273, NULL, 19, '2006-10-07 22:33:55', '1977-02-15 08:55:26');
INSERT INTO `media` (`id`, `user_id`, `filename`, `size`, `metadata`, `media_type_id`, `created_at`, `updated_at`) VALUES (40, 92, 'nisi', 0, NULL, 10, '1975-02-15 07:20:31', '1973-12-17 20:37:09');
INSERT INTO `media` (`id`, `user_id`, `filename`, `size`, `metadata`, `media_type_id`, `created_at`, `updated_at`) VALUES (41, 41, 'inventore', 927929074, NULL, 19, '1984-11-27 00:46:28', '1980-01-02 14:14:05');
INSERT INTO `media` (`id`, `user_id`, `filename`, `size`, `metadata`, `media_type_id`, `created_at`, `updated_at`) VALUES (42, 49, 'saepe', 482, NULL, 16, '2013-11-24 12:35:20', '1996-11-12 21:39:39');
INSERT INTO `media` (`id`, `user_id`, `filename`, `size`, `metadata`, `media_type_id`, `created_at`, `updated_at`) VALUES (43, 30, 'quaerat', 2192598, NULL, 13, '1980-09-23 23:06:43', '1972-03-29 01:12:11');
INSERT INTO `media` (`id`, `user_id`, `filename`, `size`, `metadata`, `media_type_id`, `created_at`, `updated_at`) VALUES (44, 58, 'illo', 13881919, NULL, 3, '1999-07-29 00:56:26', '1991-01-12 15:25:22');
INSERT INTO `media` (`id`, `user_id`, `filename`, `size`, `metadata`, `media_type_id`, `created_at`, `updated_at`) VALUES (45, 32, 'quia', 6178434, NULL, 11, '1971-08-30 18:07:41', '2008-08-09 03:18:33');
INSERT INTO `media` (`id`, `user_id`, `filename`, `size`, `metadata`, `media_type_id`, `created_at`, `updated_at`) VALUES (46, 100, 'excepturi', 5692, NULL, 18, '1997-04-10 22:57:43', '1976-05-16 12:57:47');
INSERT INTO `media` (`id`, `user_id`, `filename`, `size`, `metadata`, `media_type_id`, `created_at`, `updated_at`) VALUES (47, 63, 'et', 414349, NULL, 8, '2005-04-29 18:37:08', '1987-06-10 04:29:02');
INSERT INTO `media` (`id`, `user_id`, `filename`, `size`, `metadata`, `media_type_id`, `created_at`, `updated_at`) VALUES (48, 71, 'est', 950, NULL, 12, '1979-09-21 21:35:58', '1985-10-22 18:30:13');
INSERT INTO `media` (`id`, `user_id`, `filename`, `size`, `metadata`, `media_type_id`, `created_at`, `updated_at`) VALUES (49, 51, 'aut', 2624849, NULL, 16, '1991-05-23 04:19:27', '1976-03-24 09:05:05');
INSERT INTO `media` (`id`, `user_id`, `filename`, `size`, `metadata`, `media_type_id`, `created_at`, `updated_at`) VALUES (50, 61, 'et', 47398, NULL, 20, '1983-05-21 04:08:42', '1985-08-14 15:34:54');
INSERT INTO `media` (`id`, `user_id`, `filename`, `size`, `metadata`, `media_type_id`, `created_at`, `updated_at`) VALUES (51, 15, 'ut', 84744319, NULL, 3, '1997-10-23 02:27:21', '2017-07-11 04:06:39');
INSERT INTO `media` (`id`, `user_id`, `filename`, `size`, `metadata`, `media_type_id`, `created_at`, `updated_at`) VALUES (52, 2, 'quia', 80924887, NULL, 11, '2010-06-13 23:28:07', '1995-12-12 09:39:05');
INSERT INTO `media` (`id`, `user_id`, `filename`, `size`, `metadata`, `media_type_id`, `created_at`, `updated_at`) VALUES (53, 22, 'qui', 9, NULL, 17, '1978-08-25 00:32:32', '2007-06-30 02:37:23');
INSERT INTO `media` (`id`, `user_id`, `filename`, `size`, `metadata`, `media_type_id`, `created_at`, `updated_at`) VALUES (54, 37, 'eveniet', 71751685, NULL, 17, '2012-02-07 01:37:42', '1979-05-09 19:11:40');
INSERT INTO `media` (`id`, `user_id`, `filename`, `size`, `metadata`, `media_type_id`, `created_at`, `updated_at`) VALUES (55, 75, 'eum', 0, NULL, 4, '1998-05-11 17:16:11', '1997-03-16 02:39:22');
INSERT INTO `media` (`id`, `user_id`, `filename`, `size`, `metadata`, `media_type_id`, `created_at`, `updated_at`) VALUES (56, 4, 'aliquid', 943261976, NULL, 6, '2016-01-04 16:53:41', '1988-10-16 17:39:37');
INSERT INTO `media` (`id`, `user_id`, `filename`, `size`, `metadata`, `media_type_id`, `created_at`, `updated_at`) VALUES (57, 52, 'est', 77766496, NULL, 11, '1985-01-10 18:20:53', '2008-01-01 05:14:30');
INSERT INTO `media` (`id`, `user_id`, `filename`, `size`, `metadata`, `media_type_id`, `created_at`, `updated_at`) VALUES (58, 45, 'omnis', 259589, NULL, 2, '1997-01-11 13:43:13', '1994-05-09 09:17:21');
INSERT INTO `media` (`id`, `user_id`, `filename`, `size`, `metadata`, `media_type_id`, `created_at`, `updated_at`) VALUES (59, 90, 'repellendus', 242733828, NULL, 19, '2015-04-25 09:20:40', '2001-07-15 22:04:44');
INSERT INTO `media` (`id`, `user_id`, `filename`, `size`, `metadata`, `media_type_id`, `created_at`, `updated_at`) VALUES (60, 35, 'velit', 5631367, NULL, 5, '1987-03-10 20:41:45', '1998-11-13 21:15:50');
INSERT INTO `media` (`id`, `user_id`, `filename`, `size`, `metadata`, `media_type_id`, `created_at`, `updated_at`) VALUES (61, 4, 'qui', 21, NULL, 16, '1985-12-09 11:16:03', '1989-02-09 08:11:57');
INSERT INTO `media` (`id`, `user_id`, `filename`, `size`, `metadata`, `media_type_id`, `created_at`, `updated_at`) VALUES (62, 91, 'consequatur', 562, NULL, 12, '2018-01-02 03:18:34', '2010-12-08 21:08:48');
INSERT INTO `media` (`id`, `user_id`, `filename`, `size`, `metadata`, `media_type_id`, `created_at`, `updated_at`) VALUES (63, 43, 'est', 4879, NULL, 11, '1970-08-13 14:15:16', '1978-07-23 10:39:30');
INSERT INTO `media` (`id`, `user_id`, `filename`, `size`, `metadata`, `media_type_id`, `created_at`, `updated_at`) VALUES (64, 94, 'perferendis', 1883806, NULL, 19, '2004-07-30 03:07:25', '1980-06-08 10:21:54');
INSERT INTO `media` (`id`, `user_id`, `filename`, `size`, `metadata`, `media_type_id`, `created_at`, `updated_at`) VALUES (65, 97, 'maxime', 54, NULL, 13, '1977-04-25 05:38:43', '2014-09-18 00:16:50');
INSERT INTO `media` (`id`, `user_id`, `filename`, `size`, `metadata`, `media_type_id`, `created_at`, `updated_at`) VALUES (66, 83, 'quos', 96438281, NULL, 18, '2012-07-10 09:31:13', '2018-01-30 09:11:13');
INSERT INTO `media` (`id`, `user_id`, `filename`, `size`, `metadata`, `media_type_id`, `created_at`, `updated_at`) VALUES (67, 82, 'vel', 0, NULL, 8, '2017-08-27 13:14:44', '2014-04-25 14:07:24');
INSERT INTO `media` (`id`, `user_id`, `filename`, `size`, `metadata`, `media_type_id`, `created_at`, `updated_at`) VALUES (68, 15, 'nobis', 0, NULL, 18, '1976-12-08 06:50:57', '1995-09-21 21:19:04');
INSERT INTO `media` (`id`, `user_id`, `filename`, `size`, `metadata`, `media_type_id`, `created_at`, `updated_at`) VALUES (69, 4, 'est', 9523, NULL, 4, '2014-02-08 15:13:42', '1982-04-01 19:56:06');
INSERT INTO `media` (`id`, `user_id`, `filename`, `size`, `metadata`, `media_type_id`, `created_at`, `updated_at`) VALUES (70, 7, 'dolor', 17988364, NULL, 1, '2002-05-01 07:55:16', '2006-03-02 18:33:00');
INSERT INTO `media` (`id`, `user_id`, `filename`, `size`, `metadata`, `media_type_id`, `created_at`, `updated_at`) VALUES (71, 88, 'ratione', 8, NULL, 15, '1991-05-03 09:27:18', '1981-04-08 05:56:35');
INSERT INTO `media` (`id`, `user_id`, `filename`, `size`, `metadata`, `media_type_id`, `created_at`, `updated_at`) VALUES (72, 59, 'nostrum', 88369, NULL, 13, '1980-04-27 04:58:33', '2020-06-11 18:50:35');
INSERT INTO `media` (`id`, `user_id`, `filename`, `size`, `metadata`, `media_type_id`, `created_at`, `updated_at`) VALUES (73, 99, 'facilis', 2, NULL, 8, '1983-06-23 03:23:17', '1971-05-19 17:37:49');
INSERT INTO `media` (`id`, `user_id`, `filename`, `size`, `metadata`, `media_type_id`, `created_at`, `updated_at`) VALUES (74, 14, 'ducimus', 0, NULL, 8, '2019-07-20 16:51:20', '1985-10-12 04:49:53');
INSERT INTO `media` (`id`, `user_id`, `filename`, `size`, `metadata`, `media_type_id`, `created_at`, `updated_at`) VALUES (75, 71, 'dolor', 361606, NULL, 3, '1976-05-01 07:54:45', '1985-06-19 00:16:03');
INSERT INTO `media` (`id`, `user_id`, `filename`, `size`, `metadata`, `media_type_id`, `created_at`, `updated_at`) VALUES (76, 99, 'dolor', 0, NULL, 17, '1978-04-15 08:21:15', '1979-02-26 04:27:32');
INSERT INTO `media` (`id`, `user_id`, `filename`, `size`, `metadata`, `media_type_id`, `created_at`, `updated_at`) VALUES (77, 22, 'laboriosam', 9918150, NULL, 15, '1975-11-07 12:25:08', '1988-10-24 15:31:08');
INSERT INTO `media` (`id`, `user_id`, `filename`, `size`, `metadata`, `media_type_id`, `created_at`, `updated_at`) VALUES (78, 99, 'eveniet', 1, NULL, 18, '2018-02-13 02:40:00', '1988-12-05 18:15:22');
INSERT INTO `media` (`id`, `user_id`, `filename`, `size`, `metadata`, `media_type_id`, `created_at`, `updated_at`) VALUES (79, 15, 'reiciendis', 630681237, NULL, 20, '1971-05-22 09:28:50', '2017-02-27 03:04:59');
INSERT INTO `media` (`id`, `user_id`, `filename`, `size`, `metadata`, `media_type_id`, `created_at`, `updated_at`) VALUES (80, 53, 'molestiae', 7624, NULL, 17, '1985-04-23 17:59:10', '1974-04-10 14:50:04');
INSERT INTO `media` (`id`, `user_id`, `filename`, `size`, `metadata`, `media_type_id`, `created_at`, `updated_at`) VALUES (81, 40, 'tempore', 94, NULL, 3, '1985-08-02 01:11:11', '2007-11-05 14:01:14');
INSERT INTO `media` (`id`, `user_id`, `filename`, `size`, `metadata`, `media_type_id`, `created_at`, `updated_at`) VALUES (82, 54, 'est', 33147314, NULL, 9, '2008-10-10 16:19:44', '1971-12-05 01:50:49');
INSERT INTO `media` (`id`, `user_id`, `filename`, `size`, `metadata`, `media_type_id`, `created_at`, `updated_at`) VALUES (83, 61, 'et', 2, NULL, 10, '1989-11-06 18:32:12', '1987-09-21 21:51:04');
INSERT INTO `media` (`id`, `user_id`, `filename`, `size`, `metadata`, `media_type_id`, `created_at`, `updated_at`) VALUES (84, 68, 'nisi', 823006, NULL, 16, '2006-11-02 22:30:25', '1995-07-19 03:52:43');
INSERT INTO `media` (`id`, `user_id`, `filename`, `size`, `metadata`, `media_type_id`, `created_at`, `updated_at`) VALUES (85, 7, 'asperiores', 163, NULL, 5, '1989-02-06 14:24:18', '1998-03-31 11:02:14');
INSERT INTO `media` (`id`, `user_id`, `filename`, `size`, `metadata`, `media_type_id`, `created_at`, `updated_at`) VALUES (86, 29, 'dolorem', 4011876, NULL, 3, '2016-01-10 17:49:19', '1975-11-18 16:00:54');
INSERT INTO `media` (`id`, `user_id`, `filename`, `size`, `metadata`, `media_type_id`, `created_at`, `updated_at`) VALUES (87, 84, 'in', 5717129, NULL, 5, '2001-10-01 01:51:16', '1975-03-31 03:32:03');
INSERT INTO `media` (`id`, `user_id`, `filename`, `size`, `metadata`, `media_type_id`, `created_at`, `updated_at`) VALUES (88, 3, 'nihil', 8654129, NULL, 15, '1983-12-11 14:45:58', '2008-04-03 09:02:20');
INSERT INTO `media` (`id`, `user_id`, `filename`, `size`, `metadata`, `media_type_id`, `created_at`, `updated_at`) VALUES (89, 24, 'doloremque', 940, NULL, 9, '2011-08-20 15:31:27', '2002-02-11 05:38:24');
INSERT INTO `media` (`id`, `user_id`, `filename`, `size`, `metadata`, `media_type_id`, `created_at`, `updated_at`) VALUES (90, 75, 'minus', 320748574, NULL, 4, '1975-10-05 06:08:59', '1995-03-02 22:32:51');
INSERT INTO `media` (`id`, `user_id`, `filename`, `size`, `metadata`, `media_type_id`, `created_at`, `updated_at`) VALUES (91, 21, 'itaque', 77, NULL, 11, '1993-06-15 21:06:57', '1974-08-12 21:13:35');
INSERT INTO `media` (`id`, `user_id`, `filename`, `size`, `metadata`, `media_type_id`, `created_at`, `updated_at`) VALUES (92, 14, 'ut', 0, NULL, 12, '2019-06-05 21:12:43', '1987-04-09 08:16:21');
INSERT INTO `media` (`id`, `user_id`, `filename`, `size`, `metadata`, `media_type_id`, `created_at`, `updated_at`) VALUES (93, 93, 'quae', 43, NULL, 2, '1973-04-20 05:08:03', '1971-01-06 06:49:49');
INSERT INTO `media` (`id`, `user_id`, `filename`, `size`, `metadata`, `media_type_id`, `created_at`, `updated_at`) VALUES (94, 13, 'accusantium', 666, NULL, 3, '2001-02-14 15:41:56', '2004-04-17 09:17:36');
INSERT INTO `media` (`id`, `user_id`, `filename`, `size`, `metadata`, `media_type_id`, `created_at`, `updated_at`) VALUES (95, 63, 'vel', 8, NULL, 17, '2008-04-25 12:57:00', '1998-04-07 18:15:25');
INSERT INTO `media` (`id`, `user_id`, `filename`, `size`, `metadata`, `media_type_id`, `created_at`, `updated_at`) VALUES (96, 21, 'doloremque', 9214, NULL, 19, '2011-03-26 22:50:38', '1992-11-11 03:12:39');
INSERT INTO `media` (`id`, `user_id`, `filename`, `size`, `metadata`, `media_type_id`, `created_at`, `updated_at`) VALUES (97, 52, 'amet', 5828026, NULL, 8, '2017-09-29 14:28:25', '1984-12-20 07:21:52');
INSERT INTO `media` (`id`, `user_id`, `filename`, `size`, `metadata`, `media_type_id`, `created_at`, `updated_at`) VALUES (98, 9, 'quidem', 96822, NULL, 7, '2014-08-26 14:41:24', '1976-12-19 11:51:07');
INSERT INTO `media` (`id`, `user_id`, `filename`, `size`, `metadata`, `media_type_id`, `created_at`, `updated_at`) VALUES (99, 71, 'eum', 3, NULL, 6, '1984-10-17 02:19:20', '2005-08-01 18:40:13');
INSERT INTO `media` (`id`, `user_id`, `filename`, `size`, `metadata`, `media_type_id`, `created_at`, `updated_at`) VALUES (100, 35, 'necessitatibus', 10225, NULL, 3, '1985-09-03 21:49:40', '1975-12-02 23:40:23');


#
# TABLE STRUCTURE FOR: media_posts
#

DROP TABLE IF EXISTS media_posts;

CREATE TABLE media_posts(
  media_id INT UNSIGNED NOT NULL COMMENT "Ссылка на медиа-файл",
  target_id INT UNSIGNED NOT NULL COMMENT "Ссылка на пост или комментарий",
  target_type_id INT UNSIGNED NOT NULL COMMENT "Тип  объекта, под которым публикуется медиа-контент",
  created_at DATETIME DEFAULT CURRENT_TIMESTAMP COMMENT "Время создания строки",  
  updated_at DATETIME DEFAULT CURRENT_TIMESTAMP ON UPDATE CURRENT_TIMESTAMP COMMENT "Время обновления строки", 
  PRIMARY KEY(media_id)
) COMMENT "Связи медиа-файлов с постами";

INSERT INTO `media_posts` (`media_id`, `target_id`, `target_type_id`, `created_at`, `updated_at`) VALUES (1, 9, 2, '1973-06-07 10:18:04', '1988-06-28 06:13:09');
INSERT INTO `media_posts` (`media_id`, `target_id`, `target_type_id`, `created_at`, `updated_at`) VALUES (2, 47, 3, '1992-11-07 16:05:20', '2016-04-23 04:05:16');
INSERT INTO `media_posts` (`media_id`, `target_id`, `target_type_id`, `created_at`, `updated_at`) VALUES (3, 12, 2, '2014-10-20 01:48:43', '2007-10-17 03:33:48');
INSERT INTO `media_posts` (`media_id`, `target_id`, `target_type_id`, `created_at`, `updated_at`) VALUES (4, 78, 3, '2002-09-30 23:29:45', '2008-04-19 08:29:43');
INSERT INTO `media_posts` (`media_id`, `target_id`, `target_type_id`, `created_at`, `updated_at`) VALUES (5, 42, 2, '1973-12-19 17:41:25', '1989-11-30 19:04:30');
INSERT INTO `media_posts` (`media_id`, `target_id`, `target_type_id`, `created_at`, `updated_at`) VALUES (6, 72, 3, '2012-03-31 22:26:17', '1986-11-04 21:17:00');
INSERT INTO `media_posts` (`media_id`, `target_id`, `target_type_id`, `created_at`, `updated_at`) VALUES (7, 46, 2, '2000-04-06 06:46:43', '2006-10-24 02:14:26');
INSERT INTO `media_posts` (`media_id`, `target_id`, `target_type_id`, `created_at`, `updated_at`) VALUES (8, 2, 3, '2003-02-11 07:43:36', '1996-05-11 11:23:15');
INSERT INTO `media_posts` (`media_id`, `target_id`, `target_type_id`, `created_at`, `updated_at`) VALUES (9, 86, 2, '1993-03-09 19:12:05', '2016-03-26 21:36:11');
INSERT INTO `media_posts` (`media_id`, `target_id`, `target_type_id`, `created_at`, `updated_at`) VALUES (10, 34, 3, '1972-10-08 00:21:17', '1976-11-05 07:10:51');
INSERT INTO `media_posts` (`media_id`, `target_id`, `target_type_id`, `created_at`, `updated_at`) VALUES (11, 69, 2,'2004-11-17 17:56:38', '1976-03-16 18:46:51');
INSERT INTO `media_posts` (`media_id`, `target_id`, `target_type_id`, `created_at`, `updated_at`) VALUES (12, 19, 3, '1988-07-03 17:43:01', '2016-10-27 05:26:23');
INSERT INTO `media_posts` (`media_id`, `target_id`, `target_type_id`, `created_at`, `updated_at`) VALUES (13, 7, 2, '2013-09-12 02:03:56', '1981-07-23 16:45:56');
INSERT INTO `media_posts` (`media_id`, `target_id`, `target_type_id`, `created_at`, `updated_at`) VALUES (14, 16, 3, '1973-10-28 15:29:55', '1998-04-04 02:18:31');
INSERT INTO `media_posts` (`media_id`, `target_id`, `target_type_id`, `created_at`, `updated_at`) VALUES (15, 63, 2, '1985-04-11 07:22:47', '1996-02-09 06:11:03');
INSERT INTO `media_posts` (`media_id`, `target_id`, `target_type_id`, `created_at`, `updated_at`) VALUES (16, 7, 3, '2020-01-21 15:01:40', '1997-05-21 04:04:59');
INSERT INTO `media_posts` (`media_id`, `target_id`, `target_type_id`, `created_at`, `updated_at`) VALUES (17, 27, 2, '1979-04-17 16:24:13', '1993-11-15 10:31:08');
INSERT INTO `media_posts` (`media_id`, `target_id`, `target_type_id`, `created_at`, `updated_at`) VALUES (18, 40, 3, '2019-04-30 01:45:09', '1981-08-21 04:03:58');
INSERT INTO `media_posts` (`media_id`, `target_id`, `target_type_id`, `created_at`, `updated_at`) VALUES (19, 70, 2, '2007-04-19 11:03:38', '1991-05-10 15:06:03');
INSERT INTO `media_posts` (`media_id`, `target_id`, `target_type_id`, `created_at`, `updated_at`) VALUES (20, 42, 3, '1994-08-15 11:35:10', '1977-01-03 10:15:56');
INSERT INTO `media_posts` (`media_id`, `target_id`, `target_type_id`, `created_at`, `updated_at`) VALUES (21, 89, 2, '1981-02-09 05:42:21', '1997-11-18 02:11:27');
INSERT INTO `media_posts` (`media_id`, `target_id`, `target_type_id`, `created_at`, `updated_at`) VALUES (22, 61, 3, '1992-08-21 17:05:44', '1996-08-07 17:50:01');
INSERT INTO `media_posts` (`media_id`, `target_id`, `target_type_id`, `created_at`, `updated_at`) VALUES (23, 51, 2, '1998-01-18 16:24:07', '1999-04-09 12:12:49');
INSERT INTO `media_posts` (`media_id`, `target_id`, `target_type_id`, `created_at`, `updated_at`) VALUES (24, 39, 3, '1982-04-15 12:05:06', '1986-07-23 07:09:02');
INSERT INTO `media_posts` (`media_id`, `target_id`, `target_type_id`, `created_at`, `updated_at`) VALUES (25, 88, 2, '1980-08-05 09:13:10', '1990-08-11 18:30:11');
INSERT INTO `media_posts` (`media_id`, `target_id`, `target_type_id`, `created_at`, `updated_at`) VALUES (26, 69, 3, '1995-08-01 16:17:52', '1991-06-14 08:16:20');
INSERT INTO `media_posts` (`media_id`, `target_id`, `target_type_id`, `created_at`, `updated_at`) VALUES (27, 21, 2, '1988-11-28 01:40:20', '1992-01-04 00:36:55');
INSERT INTO `media_posts` (`media_id`, `target_id`, `target_type_id`, `created_at`, `updated_at`) VALUES (28, 73, 3, '1990-08-31 12:21:29', '1995-08-04 07:45:56');
INSERT INTO `media_posts` (`media_id`, `target_id`, `target_type_id`, `created_at`, `updated_at`) VALUES (29, 94, 2, '2004-11-26 00:04:14', '1973-10-11 17:38:10');
INSERT INTO `media_posts` (`media_id`, `target_id`, `target_type_id`, `created_at`, `updated_at`) VALUES (30, 74, 3, '2009-08-04 15:55:31', '1971-03-31 20:21:55');
INSERT INTO `media_posts` (`media_id`, `target_id`, `target_type_id`, `created_at`, `updated_at`) VALUES (31, 4, 2, '2007-10-18 00:20:54', '2010-11-26 03:00:00');
INSERT INTO `media_posts` (`media_id`, `target_id`, `target_type_id`, `created_at`, `updated_at`) VALUES (32, 36, 3, '1996-10-31 17:30:30', '1977-01-18 23:16:26');
INSERT INTO `media_posts` (`media_id`, `target_id`, `target_type_id`, `created_at`, `updated_at`) VALUES (33, 60, 2, '1986-10-28 11:38:51', '1982-02-09 12:54:30');
INSERT INTO `media_posts` (`media_id`, `target_id`, `target_type_id`, `created_at`, `updated_at`) VALUES (34, 100, 3, '2002-12-20 19:27:20', '1988-03-13 21:08:15');
INSERT INTO `media_posts` (`media_id`, `target_id`, `target_type_id`, `created_at`, `updated_at`) VALUES (35, 26, 2, '1971-06-08 22:32:25', '2018-01-28 16:35:47');
INSERT INTO `media_posts` (`media_id`, `target_id`, `target_type_id`, `created_at`, `updated_at`) VALUES (36, 20, 3, '2005-01-21 23:07:00', '1974-09-11 18:58:05');
INSERT INTO `media_posts` (`media_id`, `target_id`, `target_type_id`, `created_at`, `updated_at`) VALUES (37, 2, 2, '1996-04-02 07:43:56', '1998-06-10 01:56:57');
INSERT INTO `media_posts` (`media_id`, `target_id`, `target_type_id`, `created_at`, `updated_at`) VALUES (38, 94, 3, '1977-05-14 23:12:04', '1990-12-25 14:59:15');
INSERT INTO `media_posts` (`media_id`, `target_id`, `target_type_id`, `created_at`, `updated_at`) VALUES (39, 75, 2, '1971-01-13 08:37:25', '2018-05-15 19:56:47');
INSERT INTO `media_posts` (`media_id`, `target_id`, `target_type_id`, `created_at`, `updated_at`) VALUES (40, 41, 3, '1991-07-21 18:24:49', '2003-07-07 12:26:34');
INSERT INTO `media_posts` (`media_id`, `target_id`, `target_type_id`, `created_at`, `updated_at`) VALUES (41, 86, 2, '1996-01-14 05:32:33', '1985-03-05 15:22:38');
INSERT INTO `media_posts` (`media_id`, `target_id`, `target_type_id`, `created_at`, `updated_at`) VALUES (42, 32, 3, '1996-10-28 21:48:42', '2001-12-24 14:30:08');
INSERT INTO `media_posts` (`media_id`, `target_id`, `target_type_id`, `created_at`, `updated_at`) VALUES (43, 87, 2, '1980-06-13 09:54:46', '1983-04-19 16:04:49');
INSERT INTO `media_posts` (`media_id`, `target_id`, `target_type_id`, `created_at`, `updated_at`) VALUES (44, 26, 3, '1980-02-14 18:57:23', '2000-12-29 06:34:33');
INSERT INTO `media_posts` (`media_id`, `target_id`, `target_type_id`, `created_at`, `updated_at`) VALUES (45, 73, 2, '1977-11-11 09:04:43', '2010-07-04 22:50:44');
INSERT INTO `media_posts` (`media_id`, `target_id`, `target_type_id`, `created_at`, `updated_at`) VALUES (46, 100, 3, '1991-12-19 08:31:37', '2004-12-29 02:02:59');
INSERT INTO `media_posts` (`media_id`, `target_id`, `target_type_id`, `created_at`, `updated_at`) VALUES (47, 36, 2, '2019-02-17 09:44:58', '1972-03-08 07:33:11');
INSERT INTO `media_posts` (`media_id`, `target_id`, `target_type_id`, `created_at`, `updated_at`) VALUES (48, 79, 3, '1991-02-14 16:03:56', '2006-08-21 16:46:58');
INSERT INTO `media_posts` (`media_id`, `target_id`, `target_type_id`, `created_at`, `updated_at`) VALUES (49, 62, 2, '1998-05-01 20:17:19', '2020-01-27 12:06:03');
INSERT INTO `media_posts` (`media_id`, `target_id`, `target_type_id`, `created_at`, `updated_at`) VALUES (50, 27, 3, '2018-06-22 14:44:12', '2005-06-07 13:51:48');
INSERT INTO `media_posts` (`media_id`, `target_id`, `target_type_id`, `created_at`, `updated_at`) VALUES (51, 67, 2, '1989-09-19 11:55:58', '1970-08-08 06:49:11');
INSERT INTO `media_posts` (`media_id`, `target_id`, `target_type_id`, `created_at`, `updated_at`) VALUES (52, 68, 3, '1996-08-07 06:07:37', '1994-04-27 13:19:11');
INSERT INTO `media_posts` (`media_id`, `target_id`, `target_type_id`, `created_at`, `updated_at`) VALUES (53, 20, 2, '2017-08-24 01:49:39', '2004-08-27 09:59:20');
INSERT INTO `media_posts` (`media_id`, `target_id`, `target_type_id`, `created_at`, `updated_at`) VALUES (54, 62, 3, '1990-03-16 06:45:17', '2009-09-15 01:59:55');
INSERT INTO `media_posts` (`media_id`, `target_id`, `target_type_id`, `created_at`, `updated_at`) VALUES (55, 69, 2, '2001-11-21 14:12:29', '2010-05-09 07:15:27');
INSERT INTO `media_posts` (`media_id`, `target_id`, `target_type_id`, `created_at`, `updated_at`) VALUES (56, 43, 3, '1983-04-03 02:42:45', '2013-08-22 13:54:43');
INSERT INTO `media_posts` (`media_id`, `target_id`, `target_type_id`, `created_at`, `updated_at`) VALUES (57, 24, 2, '1988-02-01 00:43:03', '2014-12-19 07:26:30');
INSERT INTO `media_posts` (`media_id`, `target_id`, `target_type_id`, `created_at`, `updated_at`) VALUES (58, 98, 3, '1997-10-29 20:14:30', '1977-06-29 18:26:42');
INSERT INTO `media_posts` (`media_id`, `target_id`, `target_type_id`, `created_at`, `updated_at`) VALUES (59, 93, 2, '1986-10-19 08:28:15', '1978-05-02 02:06:04');
INSERT INTO `media_posts` (`media_id`, `target_id`, `target_type_id`, `created_at`, `updated_at`) VALUES (60, 84, 3, '1988-06-17 08:55:47', '1970-05-30 16:57:49');
INSERT INTO `media_posts` (`media_id`, `target_id`, `target_type_id`, `created_at`, `updated_at`) VALUES (61, 78, 2, '1985-01-15 10:36:48', '1971-08-29 09:21:45');
INSERT INTO `media_posts` (`media_id`, `target_id`, `target_type_id`, `created_at`, `updated_at`) VALUES (62, 18, 3, '1990-02-24 23:14:39', '2008-08-09 23:21:20');
INSERT INTO `media_posts` (`media_id`, `target_id`, `target_type_id`, `created_at`, `updated_at`) VALUES (63, 81, 2, '1993-01-07 06:10:54', '1998-03-21 06:37:30');
INSERT INTO `media_posts` (`media_id`, `target_id`, `target_type_id`, `created_at`, `updated_at`) VALUES (64, 59, 3, '1993-02-04 12:31:37', '1985-01-05 05:05:37');
INSERT INTO `media_posts` (`media_id`, `target_id`, `target_type_id`, `created_at`, `updated_at`) VALUES (65, 78, 2, '2019-05-06 11:25:35', '1998-11-20 19:27:18');
INSERT INTO `media_posts` (`media_id`, `target_id`, `target_type_id`, `created_at`, `updated_at`) VALUES (66, 28, 3, '1979-05-08 19:02:32', '2002-12-03 01:45:54');
INSERT INTO `media_posts` (`media_id`, `target_id`, `target_type_id`, `created_at`, `updated_at`) VALUES (67, 61, 2, '1971-05-29 22:55:50', '2005-11-15 19:33:34');
INSERT INTO `media_posts` (`media_id`, `target_id`, `target_type_id`, `created_at`, `updated_at`) VALUES (68, 23, 3, '2009-11-07 04:32:50', '2007-03-02 08:48:33');
INSERT INTO `media_posts` (`media_id`, `target_id`, `target_type_id`, `created_at`, `updated_at`) VALUES (69, 74, 2, '2011-07-30 18:43:30', '2011-02-14 12:08:21');
INSERT INTO `media_posts` (`media_id`, `target_id`, `target_type_id`, `created_at`, `updated_at`) VALUES (70, 68, 3, '1998-09-18 13:53:51', '1998-06-23 17:49:32');
INSERT INTO `media_posts` (`media_id`, `target_id`, `target_type_id`, `created_at`, `updated_at`) VALUES (71, 67, 2, '1976-12-30 20:36:27', '2013-08-16 19:34:57');
INSERT INTO `media_posts` (`media_id`, `target_id`, `target_type_id`, `created_at`, `updated_at`) VALUES (72, 17, 3, '1987-03-22 15:54:06', '1984-07-14 09:17:40');
INSERT INTO `media_posts` (`media_id`, `target_id`, `target_type_id`, `created_at`, `updated_at`) VALUES (73, 40, 2, '1971-02-01 01:15:04', '2016-08-22 16:44:23');
INSERT INTO `media_posts` (`media_id`, `target_id`, `target_type_id`, `created_at`, `updated_at`) VALUES (74, 54, 3, '1972-07-20 02:53:36', '2000-03-20 11:50:03');
INSERT INTO `media_posts` (`media_id`, `target_id`, `target_type_id`, `created_at`, `updated_at`) VALUES (75, 25, 2, '2011-03-21 18:49:07', '1986-11-23 00:07:24');
INSERT INTO `media_posts` (`media_id`, `target_id`, `target_type_id`, `created_at`, `updated_at`) VALUES (76, 99, 3, '1994-05-14 13:56:36', '2006-02-13 07:40:11');
INSERT INTO `media_posts` (`media_id`, `target_id`, `target_type_id`, `created_at`, `updated_at`) VALUES (77, 13, 2, '2016-11-06 17:00:17', '2011-07-02 15:33:56');
INSERT INTO `media_posts` (`media_id`, `target_id`, `target_type_id`, `created_at`, `updated_at`) VALUES (78, 79, 3, '2009-07-14 13:33:38', '2013-12-11 15:59:01');
INSERT INTO `media_posts` (`media_id`, `target_id`, `target_type_id`, `created_at`, `updated_at`) VALUES (79, 42, 2, '1991-04-03 06:05:31', '1975-07-27 23:46:51');
INSERT INTO `media_posts` (`media_id`, `target_id`, `target_type_id`, `created_at`, `updated_at`) VALUES (80, 17, 3, '1979-10-27 08:16:07', '2005-05-26 21:09:15');
INSERT INTO `media_posts` (`media_id`, `target_id`, `target_type_id`, `created_at`, `updated_at`) VALUES (81, 9, 2, '2002-07-17 05:18:33', '1991-09-07 01:36:29');
INSERT INTO `media_posts` (`media_id`, `target_id`, `target_type_id`, `created_at`, `updated_at`) VALUES (82, 60, 3,'1998-08-27 15:53:14', '2001-07-12 20:57:12');
INSERT INTO `media_posts` (`media_id`, `target_id`, `target_type_id`, `created_at`, `updated_at`) VALUES (83, 22, 2, '2017-01-10 20:49:44', '1974-08-29 17:17:21');
INSERT INTO `media_posts` (`media_id`, `target_id`, `target_type_id`, `created_at`, `updated_at`) VALUES (84, 17, 3, '1991-01-06 17:40:35', '2007-06-30 01:17:08');
INSERT INTO `media_posts` (`media_id`, `target_id`, `target_type_id`, `created_at`, `updated_at`) VALUES (85, 5, 2, '2016-04-01 13:27:34', '2012-01-19 12:57:28');
INSERT INTO `media_posts` (`media_id`, `target_id`, `target_type_id`, `created_at`, `updated_at`) VALUES (86, 2, 3, '1985-10-25 10:28:28', '1979-02-26 20:20:02');
INSERT INTO `media_posts` (`media_id`, `target_id`, `target_type_id`, `created_at`, `updated_at`) VALUES (87, 92, 2, '1990-09-11 05:53:02', '2019-06-26 14:00:02');
INSERT INTO `media_posts` (`media_id`, `target_id`, `target_type_id`, `created_at`, `updated_at`) VALUES (88, 15, 3, '2014-02-08 15:46:13', '2007-03-05 05:54:13');
INSERT INTO `media_posts` (`media_id`, `target_id`, `target_type_id`, `created_at`, `updated_at`) VALUES (89, 30, 2, '2019-05-09 11:05:24', '1987-08-12 03:06:57');
INSERT INTO `media_posts` (`media_id`, `target_id`, `target_type_id`, `created_at`, `updated_at`) VALUES (90, 13, 3, '2000-07-07 06:33:14', '1986-07-12 16:01:17');
INSERT INTO `media_posts` (`media_id`, `target_id`, `target_type_id`, `created_at`, `updated_at`) VALUES (91, 46, 2, '1979-03-19 05:32:24', '1970-05-26 04:31:51');
INSERT INTO `media_posts` (`media_id`, `target_id`, `target_type_id`, `created_at`, `updated_at`) VALUES (92, 92, 3, '1980-09-18 02:32:24', '1995-11-07 14:18:16');
INSERT INTO `media_posts` (`media_id`, `target_id`, `target_type_id`, `created_at`, `updated_at`) VALUES (93, 82, 2, '1984-01-31 00:14:50', '1989-07-06 21:42:32');
INSERT INTO `media_posts` (`media_id`, `target_id`, `target_type_id`, `created_at`, `updated_at`) VALUES (94, 90, 3, '1979-07-17 09:10:28', '2014-11-12 16:16:19');
INSERT INTO `media_posts` (`media_id`, `target_id`, `target_type_id`, `created_at`, `updated_at`) VALUES (95, 34, 2, '1991-02-07 09:59:55', '1995-12-26 21:52:55');
INSERT INTO `media_posts` (`media_id`, `target_id`, `target_type_id`, `created_at`, `updated_at`) VALUES (96, 14, 3, '1991-06-26 16:33:51', '1972-10-12 20:34:08');
INSERT INTO `media_posts` (`media_id`, `target_id`, `target_type_id`, `created_at`, `updated_at`) VALUES (97, 94, 2, '2017-09-07 12:16:47', '2007-09-09 22:09:06');
INSERT INTO `media_posts` (`media_id`, `target_id`, `target_type_id`, `created_at`, `updated_at`) VALUES (98, 15, 3, '2002-09-29 06:03:26', '2003-12-09 22:24:44');
INSERT INTO `media_posts` (`media_id`, `target_id`, `target_type_id`, `created_at`, `updated_at`) VALUES (99, 81, 2, '2009-02-06 13:16:15', '1989-08-31 06:08:37');
INSERT INTO `media_posts` (`media_id`, `target_id`, `target_type_id`, `created_at`, `updated_at`) VALUES (100, 74, 3, '2011-08-13 11:12:07', '1999-12-07 15:05:15');


#
# TABLE STRUCTURE FOR: media_types
#

DROP TABLE IF EXISTS `media_types`;

CREATE TABLE `media_types` (
  `id` int(10) unsigned NOT NULL AUTO_INCREMENT COMMENT 'Идентификатор строки',
  `name` varchar(255) COLLATE utf8_unicode_ci NOT NULL COMMENT 'Название типа',
  `created_at` datetime DEFAULT current_timestamp() COMMENT 'Время создания строки',
  `updated_at` datetime DEFAULT current_timestamp() ON UPDATE current_timestamp() COMMENT 'Время обновления строки',
  PRIMARY KEY (`id`),
  UNIQUE KEY `name` (`name`)
) ENGINE=InnoDB DEFAULT CHARSET=utf8 COLLATE=utf8_unicode_ci COMMENT='Типы медиафайлов';

INSERT INTO media_types VALUES
  (NULL, 'url', NOW(), NOW()),
  (NULL, 'mpu', NOW(), NOW()),
  (NULL, 'webm', NOW(), NOW()),
  (NULL, 'mov', NOW(), NOW()),
  (NULL, 'avi', NOW(), NOW()),
  (NULL, 'xbm', NOW(), NOW()),
  (NULL, 'tif', NOW(), NOW()),
  (NULL, 'pip', NOW(), NOW()),
  (NULL, 'pjpeg', NOW(), NOW()),
  (NULL, 'jfif', NOW(), NOW()),
  (NULL, 'webp', NOW(), NOW()),
  (NULL, 'ico', NOW(), NOW()),
  (NULL, 'tiff', NOW(), NOW()),
  (NULL, 'bmp', NOW(), NOW()),
  (NULL, 'png', NOW(), NOW()),
  (NULL, 'jpeg', NOW(), NOW()),
  (NULL, 'svgz', NOW(), NOW()),
  (NULL, 'jpg', NOW(), NOW()),
  (NULL, 'gif', NOW(), NOW()),
  (NULL, 'svg', NOW(), NOW());
#
# TABLE STRUCTURE FOR: posts
#

DROP TABLE IF EXISTS `posts`;

CREATE TABLE `posts` (
  `id` int(10) unsigned NOT NULL AUTO_INCREMENT COMMENT 'Идентификатор строки',
  `user_id` int(10) unsigned NOT NULL COMMENT 'Ссылка на пользователя',
  `community_id` int(10) unsigned DEFAULT NULL COMMENT 'Сообщество, в котором был опубликован пост',
  `head` varchar(255) COLLATE utf8_unicode_ci DEFAULT NULL COMMENT 'Заголовок поста',
  `body` text COLLATE utf8_unicode_ci NOT NULL COMMENT 'Текстовое содержимое поста',
  `views_counter` int(10) unsigned DEFAULT 0 COMMENT 'Количество просмотров поста',
  `created_at` datetime DEFAULT current_timestamp() COMMENT 'Время создания строки',
  `updated_at` datetime DEFAULT current_timestamp() ON UPDATE current_timestamp() COMMENT 'Время обновления строки',
  PRIMARY KEY (`id`)
) ENGINE=InnoDB AUTO_INCREMENT=101 DEFAULT CHARSET=utf8 COLLATE=utf8_unicode_ci COMMENT='Посты';

INSERT INTO `posts` (`id`, `user_id`, `community_id`, `head`, `body`, `views_counter`, `created_at`, `updated_at`) VALUES (1, 37, 96, 'Ex qui cumque.', 'Deleniti nostrum aut animi consectetur animi odio. Nihil ab illum velit assumenda. Natus atque qui non et ratione qui neque. Nam qui dolores temporibus molestiae earum. Optio enim dolore reprehenderit ipsum fugit. Eos saepe soluta quia qui et. Nostrum fugit asperiores ex nihil saepe reiciendis. Quaerat magni sapiente sed cupiditate quis eos. Fugit ea voluptas earum ipsum. Dolore totam sint aperiam distinctio. Repudiandae aut quas provident voluptatem soluta velit rerum sapiente. Aliquam sequi et vero quo impedit. Ex hic voluptatem temporibus hic voluptatem voluptatem voluptatibus. Amet ut qui esse est nesciunt sunt cupiditate.', 28654, '2013-11-19 16:14:49', '2019-06-03 22:52:48');
INSERT INTO `posts` (`id`, `user_id`, `community_id`, `head`, `body`, `views_counter`, `created_at`, `updated_at`) VALUES (2, 42, 83, 'Adipisci et quia.', 'Quis nisi ut quia a vel incidunt minus. Blanditiis dolore harum commodi atque cupiditate ut rerum. Odit rerum consequatur adipisci maiores. Qui aut fugit deserunt qui molestiae est. Tenetur aut quidem adipisci magni explicabo labore. Nisi accusantium ut omnis aperiam. Ex sit velit voluptates eligendi beatae. Eligendi nam eum totam temporibus beatae minima.', 1828232, '1983-03-30 04:55:04', '2000-01-24 11:33:53');
INSERT INTO `posts` (`id`, `user_id`, `community_id`, `head`, `body`, `views_counter`, `created_at`, `updated_at`) VALUES (3, 60, 40, 'Illo voluptas accusantium omnis.', 'Non consequatur doloribus error animi in sed esse. Sapiente expedita cupiditate in enim. Velit nulla veniam quod itaque. Qui quia quam neque eveniet omnis odit et. Et fugiat vel saepe ullam doloribus perferendis. Iste consectetur vel aut ut et excepturi ab mollitia. Voluptatum necessitatibus vel nobis officia molestiae sit nisi. Ad laborum consectetur qui et. Sint aperiam enim harum accusantium amet non sit aut. Sed ad ratione maxime magni. Ab possimus nulla optio rerum sit ex. Nemo odit voluptate rerum sed officiis qui. Nemo provident expedita eum a voluptas sunt.', 396098, '1970-09-15 20:04:15', '1989-06-28 13:35:52');
INSERT INTO `posts` (`id`, `user_id`, `community_id`, `head`, `body`, `views_counter`, `created_at`, `updated_at`) VALUES (4, 98, 41, 'Blanditiis nisi amet.', 'Et doloremque dolorum eum tempora. Ut qui ut alias numquam. Beatae est voluptatem pariatur. Labore odit quam temporibus molestiae nesciunt animi eum quia. Molestiae est nihil est. Molestias facere aut quasi molestiae tenetur sunt alias. Occaecati et nisi a qui quam sint tempora. Et consequatur et quia dolores vel quaerat labore non. Est aperiam repudiandae earum debitis deleniti porro quasi quia. Omnis dolores ipsum sed non. Ad quibusdam ullam non numquam.', 6, '2019-04-13 19:42:25', '1999-05-27 06:30:27');
INSERT INTO `posts` (`id`, `user_id`, `community_id`, `head`, `body`, `views_counter`, `created_at`, `updated_at`) VALUES (5, 30, 7, 'Sequi omnis quisquam ullam.', 'Consectetur quia magni repudiandae quis hic nostrum. Et rem qui harum maiores repellendus ut impedit. Saepe qui suscipit doloribus nemo est quia aliquam. Possimus beatae incidunt aut rerum ut commodi quos. Delectus perspiciatis et fugiat inventore est. Consequuntur cum qui veritatis non ut aut. Aspernatur officiis non soluta qui sint impedit. Aperiam quis numquam provident sed quia sed. Eius enim impedit explicabo doloremque. Debitis ducimus esse fugit ducimus. Impedit et quod blanditiis ut. Et fugit in praesentium non. Tempora omnis nisi exercitationem accusamus libero nulla quia.', 8647, '2000-08-15 14:22:14', '2013-09-02 22:03:35');
INSERT INTO `posts` (`id`, `user_id`, `community_id`, `head`, `body`, `views_counter`, `created_at`, `updated_at`) VALUES (6, 13, 17, 'Et totam voluptatem.', 'Commodi delectus consequatur voluptate ut nobis quaerat. Occaecati veritatis qui et nulla. Aperiam qui sint rerum voluptatem et repellat. Vero amet in aut fugiat alias. Expedita nam aperiam cupiditate sit quo dignissimos optio. Impedit illo eligendi dolores quisquam. Omnis harum enim dolor excepturi quasi nemo quis non. Laboriosam eveniet neque vel quos molestiae autem enim eum.', 676824264, '1986-10-03 19:08:08', '2005-09-15 06:24:13');
INSERT INTO `posts` (`id`, `user_id`, `community_id`, `head`, `body`, `views_counter`, `created_at`, `updated_at`) VALUES (7, 5, 35, 'Nesciunt facere unde.', 'Non hic rerum praesentium quas ut. Distinctio voluptatem ut non facere maxime itaque ut. Magnam molestiae sed illo voluptatem maxime consectetur saepe. Deserunt inventore ut et eum placeat ratione dolor libero. Ea eveniet aliquid similique aut. Temporibus rerum corrupti ut culpa veniam officia ex. Odit repellat et velit et.', 2, '2000-09-14 21:18:47', '1971-08-14 05:46:47');
INSERT INTO `posts` (`id`, `user_id`, `community_id`, `head`, `body`, `views_counter`, `created_at`, `updated_at`) VALUES (8, 26, 27, 'Blanditiis eaque aspernatur.', 'Consequatur voluptatibus labore quibusdam repellat. Explicabo blanditiis omnis quaerat explicabo consequatur ut dolor. Similique dignissimos doloribus deserunt temporibus. Provident ut reiciendis doloremque illo inventore. Facere in id voluptatum. Ut reiciendis officia natus deserunt unde quia. Corporis incidunt ducimus blanditiis atque iusto corporis. Non esse sit et. Vel sed culpa eum veritatis. Magnam est temporibus consequatur assumenda blanditiis accusamus aperiam. Aut voluptatem voluptatem et soluta eum debitis sit. Quasi nesciunt tempore qui magni.', 746141, '1970-10-13 10:10:15', '1970-05-31 06:06:40');
INSERT INTO `posts` (`id`, `user_id`, `community_id`, `head`, `body`, `views_counter`, `created_at`, `updated_at`) VALUES (9, 73, 78, 'Voluptas et eveniet.', 'Aspernatur repellendus nam nostrum architecto eaque. Porro et rerum architecto veniam magnam atque molestiae. Deleniti aliquid dolores fuga omnis sint nesciunt. Eos cumque consequatur quos quia dignissimos facere aut enim. Ut omnis aliquid dolor aut rerum qui. Ut autem aut excepturi qui provident accusamus voluptatum non. Quidem dolorem et cumque laboriosam inventore dolores. Et aliquam voluptatem magni molestias laborum ut qui. Aut delectus voluptatem omnis iure eum corporis et dolorem. Illum velit laboriosam ad deleniti hic quae. Voluptatem totam veniam sint doloremque quidem. Nobis sint dolores et pariatur cupiditate sit qui aliquam. Saepe rerum sed dolore dolorum earum quisquam.', 7928688, '2009-12-10 16:47:12', '2019-05-12 14:28:44');
INSERT INTO `posts` (`id`, `user_id`, `community_id`, `head`, `body`, `views_counter`, `created_at`, `updated_at`) VALUES (10, 89, 17, 'Quia et accusantium.', 'Praesentium suscipit id officia minus doloribus. Expedita porro id sequi inventore quia ut maiores. Non quas facere id aliquid. Enim soluta quia voluptatem sit. Voluptatem consequatur delectus eum vero. Ipsum aliquam omnis doloremque qui repellat perferendis. Magni eveniet non aut perferendis doloremque quidem sit velit. Debitis iste itaque officia perspiciatis voluptate rerum perferendis. Aut atque quo omnis voluptates. Fugit voluptate ipsa aut recusandae. Eveniet minus occaecati esse dolor repellat non. Tempora dolor nam incidunt rerum perspiciatis. Sequi accusantium et natus voluptatem minima sunt quae.', 774686, '1984-10-17 22:58:16', '2014-05-04 22:19:04');
INSERT INTO `posts` (`id`, `user_id`, `community_id`, `head`, `body`, `views_counter`, `created_at`, `updated_at`) VALUES (11, 17, 77, 'A neque dicta.', 'Possimus ratione excepturi accusantium dolorem ut nesciunt esse. Veritatis sunt et autem voluptatum voluptatem laboriosam eum. Et officia voluptate voluptatem. Tenetur minima soluta nisi et hic ea similique. Est omnis eligendi sequi velit quia tempora. Molestiae et voluptatibus est nostrum velit cum expedita nihil. Quos sit sit laborum dolores molestiae ratione adipisci. Nemo ab est vero voluptatibus eos. Corporis similique perspiciatis enim iure modi consectetur sint. Sapiente aspernatur voluptas sunt voluptas laborum expedita sit nostrum. Itaque deleniti similique recusandae recusandae corporis dicta laboriosam. Et eum sequi modi molestiae et perspiciatis dolores quis.', 71149483, '2014-07-09 17:38:39', '2013-08-15 00:26:22');
INSERT INTO `posts` (`id`, `user_id`, `community_id`, `head`, `body`, `views_counter`, `created_at`, `updated_at`) VALUES (12, 1, 83, 'Vel aut dolor.', 'Blanditiis voluptas ut repudiandae suscipit enim facere dignissimos. Nulla quam amet facilis minus numquam reprehenderit amet. Quod impedit voluptates quia dolorum. Eum animi quis est voluptatem. Consequatur pariatur omnis aliquid ratione assumenda. Dolore vel odio aut. Veritatis aut iste iure facilis nesciunt maiores.', 9913, '2003-09-19 11:47:32', '1996-04-07 16:33:10');
INSERT INTO `posts` (`id`, `user_id`, `community_id`, `head`, `body`, `views_counter`, `created_at`, `updated_at`) VALUES (13, 89, 38, 'Vel harum eius accusantium.', 'Qui esse iusto facere eos deleniti eaque. Magnam saepe et ut dolorem velit sed consequatur. Id dicta maxime et officiis aut repellendus. Sapiente unde ea eos dolores quia. Rerum beatae odio tenetur est ea in. Dolor eveniet est natus sed corporis nostrum. Sed omnis tempora voluptatem amet vitae. Dolores quasi tempore eius incidunt harum. Itaque earum dolorem accusantium sapiente sed. Repudiandae architecto expedita ex omnis molestiae.', 6425, '1970-07-02 00:18:51', '1970-05-23 22:09:55');
INSERT INTO `posts` (`id`, `user_id`, `community_id`, `head`, `body`, `views_counter`, `created_at`, `updated_at`) VALUES (14, 30, 91, 'Accusantium quia veniam.', 'Harum quo numquam rerum et rerum. Ut quisquam doloribus debitis. Est et vel pariatur. Aut nobis sunt voluptas omnis. Vel ut voluptas sit error. Qui velit occaecati cum natus omnis repudiandae dolorum dignissimos. Accusamus et quia non velit. Temporibus exercitationem ut quasi tempore ut magnam ad.', 0, '2012-07-31 22:45:19', '1976-05-25 09:10:35');
INSERT INTO `posts` (`id`, `user_id`, `community_id`, `head`, `body`, `views_counter`, `created_at`, `updated_at`) VALUES (15, 3, 86, 'Et nesciunt quisquam.', 'Ab qui qui adipisci ut. Blanditiis tempora molestias occaecati dolor doloribus. Quae nesciunt qui unde voluptatem. Doloribus enim quas mollitia voluptas quo. Atque quisquam et doloribus ipsa et pariatur facilis omnis. Accusamus enim excepturi ab et cupiditate. Excepturi quia temporibus occaecati aut quis. Nostrum magni facilis eum accusantium id ullam aut. Molestiae similique est vel sed fugiat praesentium. Nihil cumque ipsum ut incidunt. Accusamus dolor quos animi ut. Libero ut minima corporis recusandae.', 0, '2001-08-25 07:22:34', '2007-05-25 00:37:03');
INSERT INTO `posts` (`id`, `user_id`, `community_id`, `head`, `body`, `views_counter`, `created_at`, `updated_at`) VALUES (16, 45, 85, 'Aliquam saepe exercitationem.', 'Consequatur praesentium minima vitae sint eligendi. Voluptas dolorem repudiandae aut omnis id et. Mollitia ex iure omnis corporis similique aspernatur ut. Eveniet sint veniam ut consequuntur autem nisi. Magni blanditiis est perferendis optio atque quibusdam error. Sed debitis ea necessitatibus. Molestiae ut quia aut doloribus natus placeat. Mollitia omnis qui tenetur. Facilis ut sit at cum. Enim enim est cumque qui ullam consequuntur unde. Facere aspernatur et nesciunt ratione quisquam totam.', 89788, '2005-05-29 16:46:04', '1973-09-02 05:19:07');
INSERT INTO `posts` (`id`, `user_id`, `community_id`, `head`, `body`, `views_counter`, `created_at`, `updated_at`) VALUES (17, 91, 61, 'Est eveniet quas.', 'Repellendus nihil aut autem sed et id perferendis. Ducimus quia consequatur ea consequatur sunt occaecati. Alias impedit occaecati qui voluptatem sed. Adipisci sit repellat nobis asperiores quia. Dolores qui illo fugit suscipit. Ut officiis nemo quod totam aliquam quasi deserunt. Eum omnis quaerat ratione odio in. Et quis id reprehenderit aliquid vel reprehenderit non. Omnis modi mollitia minus aliquam ex eveniet voluptas sed. Accusantium facere fugit qui quisquam et eius. Et voluptatem molestias et nobis. Amet eum accusantium consectetur saepe cum sunt minima. Dolores sed consectetur assumenda et consequatur natus ut tempore.', 339, '1978-02-28 12:33:28', '2016-01-02 20:52:11');
INSERT INTO `posts` (`id`, `user_id`, `community_id`, `head`, `body`, `views_counter`, `created_at`, `updated_at`) VALUES (18, 71, 44, 'Magnam at numquam.', 'Aut in itaque et necessitatibus sit. Illo eum dolores qui est laborum mollitia quidem vel. Id aliquid id vero non. Molestiae soluta nobis consequatur qui dolor fugiat voluptates. A alias porro ipsam earum. Sit distinctio vel enim quia autem expedita. Atque rerum saepe iste dolor quis molestias ut. Ea at sapiente iure quia voluptas sit molestiae nihil. Temporibus voluptates tempore a rerum tempora dolores. Sed ea quam corrupti qui numquam eum delectus. Et quis est quaerat voluptate inventore vel voluptatem vero. Aut beatae dignissimos neque.', 799, '1998-11-09 04:16:17', '2020-05-11 04:58:36');
INSERT INTO `posts` (`id`, `user_id`, `community_id`, `head`, `body`, `views_counter`, `created_at`, `updated_at`) VALUES (19, 77, 33, 'Officiis rerum omnis sit.', 'Itaque ut beatae cum optio qui. Ut debitis quam dolores sit beatae saepe. Ut sed aperiam vero. Voluptatibus repellendus qui quas facilis necessitatibus voluptates quis. Sint sit dolorem aut excepturi repellendus. Accusamus consectetur est libero nihil. Doloremque asperiores est aspernatur aspernatur itaque consequatur amet. Sed voluptas sit illo amet. Quaerat doloremque reiciendis sit error aliquid nostrum. Tempora non quis exercitationem quam est id sit. Laboriosam impedit doloribus sed molestiae assumenda.', 61998929, '2002-05-09 06:52:27', '2009-09-15 02:28:17');
INSERT INTO `posts` (`id`, `user_id`, `community_id`, `head`, `body`, `views_counter`, `created_at`, `updated_at`) VALUES (20, 85, 14, 'Quia at aut aut qui.', 'Enim eos sint occaecati earum. Maiores est quia commodi itaque magni sit quia illo. Dolorem mollitia recusandae neque in et. Quibusdam animi maxime eum dolorem dignissimos deleniti expedita. Dignissimos aut excepturi fugiat. A eum dolor officia error sequi. Nesciunt earum id mollitia aut et veritatis. Delectus dignissimos consequatur ex similique temporibus maiores quia. Maxime veniam ratione culpa magni excepturi dicta aut necessitatibus. Non dolores minus ut architecto libero. Minus quaerat assumenda molestias quis fugit est. Libero nihil ea sed et.', 61926831, '1979-08-05 03:17:33', '2015-11-18 00:26:31');
INSERT INTO `posts` (`id`, `user_id`, `community_id`, `head`, `body`, `views_counter`, `created_at`, `updated_at`) VALUES (21, 56, 51, 'Delectus sunt aut.', 'Omnis qui voluptatem voluptatibus magnam facilis voluptatem. Perspiciatis iure dolore placeat vel facere et quia et. Et accusamus quisquam non nemo a corporis. Commodi quibusdam nihil ea totam ullam id. Et sapiente rerum sed doloribus tenetur ipsa. Architecto dolore nisi quod. Labore accusantium id ducimus adipisci aut delectus. Sed id ipsum omnis velit cumque cupiditate sunt quia. Distinctio alias vero iure voluptas earum placeat. Autem sint accusantium accusantium nihil. Fuga mollitia illo deserunt dolores. Iusto enim minima nesciunt necessitatibus a et nemo.', 360, '1997-09-07 09:08:26', '1973-06-22 19:07:57');
INSERT INTO `posts` (`id`, `user_id`, `community_id`, `head`, `body`, `views_counter`, `created_at`, `updated_at`) VALUES (22, 31, 23, 'Quo nostrum dicta perspiciatis.', 'Nemo hic asperiores voluptas sed occaecati nostrum et. Commodi nisi ab facilis quam perferendis in id deserunt. Quos odio reiciendis esse veniam fugiat in quis. Nobis nihil dignissimos similique fugit error facere eum quidem. Fugiat et assumenda eius est sed. Fugiat voluptas unde officiis. Ipsam quisquam atque consectetur consequatur sed dolorem suscipit. Corrupti sit dolorem nulla et. Eligendi ullam natus quasi enim eum. Tempora in ducimus doloribus quam minima molestiae sed eius. Qui quibusdam quia expedita. Aut nemo velit modi velit repudiandae iure. Id optio possimus ut sint aliquam dignissimos dolore pariatur.', 30139, '2007-07-31 07:34:29', '2017-01-30 07:23:45');
INSERT INTO `posts` (`id`, `user_id`, `community_id`, `head`, `body`, `views_counter`, `created_at`, `updated_at`) VALUES (23, 37, 84, 'Omnis enim error.', 'Esse sunt porro rerum fugit. Quis provident nam et voluptatem ut. Velit architecto aut est maxime voluptatem nostrum. Cumque consequatur veniam molestias perferendis odit voluptas. Eos cupiditate voluptas dolor occaecati. Et perspiciatis dicta magni ut ullam sint ullam. Ullam excepturi aut ut voluptatem exercitationem eius repellat. Consectetur molestias similique quia delectus quis. Quo ipsum delectus facere eveniet omnis ratione et. Omnis magnam explicabo est ipsa. Nostrum alias consequatur sed dolorum sint ipsa sed. Quis maiores repellendus dolorum eius. Delectus veritatis et nihil nemo quis et.', 69158, '1999-07-13 02:32:15', '2008-01-31 22:09:24');
INSERT INTO `posts` (`id`, `user_id`, `community_id`, `head`, `body`, `views_counter`, `created_at`, `updated_at`) VALUES (24, 76, 73, 'Deleniti eaque aut.', 'Eum similique voluptas sit tempore et aliquam. Voluptas deleniti dolorem omnis suscipit. Adipisci provident molestias in aperiam. Laudantium numquam ut aut odit sed voluptatibus. Delectus a reprehenderit laborum minus nemo. Aut dolore et eaque cupiditate facere eveniet molestiae. Libero magnam non modi nesciunt veniam aut. Accusantium ducimus sed in labore accusantium. Reiciendis sequi dignissimos nulla voluptas voluptate. Placeat minima voluptatem modi modi aliquam expedita ducimus.', 32058, '1980-06-06 09:11:01', '1989-12-08 15:07:21');
INSERT INTO `posts` (`id`, `user_id`, `community_id`, `head`, `body`, `views_counter`, `created_at`, `updated_at`) VALUES (25, 20, 40, 'Magnam nobis ea dicta.', 'Ea in id itaque sint debitis. Enim ducimus sit qui sed maxime unde. Deleniti corrupti necessitatibus enim. Aut tempore consequatur in molestias totam sit. Facilis est id quibusdam corporis corrupti. Saepe fuga eos laudantium. Eaque quis officia deserunt impedit. Doloremque sapiente omnis ut dolorem. Ut qui voluptatum et.', 591, '1983-08-09 15:58:41', '1999-06-17 23:50:00');
INSERT INTO `posts` (`id`, `user_id`, `community_id`, `head`, `body`, `views_counter`, `created_at`, `updated_at`) VALUES (26, 41, 69, 'In nihil nesciunt quis.', 'Sit qui magni sequi voluptas. Optio tenetur totam rerum ullam nihil quia harum in. Aut vel doloribus quasi doloremque iste. Nostrum expedita rerum officiis quia corrupti sed. Rerum porro occaecati commodi placeat aut et voluptas. Et dolores nam maxime officia rerum. Distinctio qui asperiores enim vel. Quia asperiores recusandae minima ea quibusdam. Tenetur blanditiis enim illo sed sit omnis. Sunt earum et culpa autem ea eius.', 70, '1982-12-13 09:54:03', '2012-01-24 15:01:33');
INSERT INTO `posts` (`id`, `user_id`, `community_id`, `head`, `body`, `views_counter`, `created_at`, `updated_at`) VALUES (27, 49, 26, 'Non velit et.', 'Est deserunt veritatis error eum rerum itaque. Adipisci quia quos molestiae. Dolores ab provident earum dicta qui aspernatur. Nemo dicta voluptas dolor dolor tenetur numquam animi. Aut eum assumenda laborum a repellat. Et qui ratione et tempora ut veniam nihil maxime. Tempora quia dolores debitis repudiandae exercitationem provident. Et ut soluta dolor qui quas molestiae. Impedit ut quisquam magni cum dolorem.', 7, '1978-08-20 02:28:08', '1976-04-28 02:46:17');
INSERT INTO `posts` (`id`, `user_id`, `community_id`, `head`, `body`, `views_counter`, `created_at`, `updated_at`) VALUES (28, 58, 72, 'Et numquam in.', 'Autem et laudantium asperiores vel voluptatem sint quas occaecati. Saepe voluptatibus nam placeat eius delectus est rerum. Sunt eum quos vel doloribus nihil soluta sint. Aut recusandae modi distinctio illum quaerat velit dolores natus. Laborum occaecati esse fuga aut atque voluptatum. Placeat quidem ut qui natus. Aut veniam error numquam similique dolorem soluta. Consectetur ea iure architecto expedita. Eos inventore corrupti aut rerum nemo voluptatibus tempora. Doloribus adipisci voluptas nulla voluptas doloremque qui. Quia minima ea at quod voluptatem voluptatem sequi.', 50931, '1979-07-10 10:09:56', '2001-02-20 09:45:53');
INSERT INTO `posts` (`id`, `user_id`, `community_id`, `head`, `body`, `views_counter`, `created_at`, `updated_at`) VALUES (29, 14, 23, 'Totam et qui tempora.', 'Dolorem qui odit voluptatibus ullam ea ut. Perferendis et ut omnis sunt nemo. Incidunt magnam non minima itaque. Nesciunt quidem dolore nihil autem. Suscipit distinctio autem eos expedita ut sunt. Odit sit possimus occaecati ut fuga. Dolor quia sunt animi sint quos est laudantium error. Est aut veniam est dignissimos ut ut. Veritatis at harum consectetur non et ab ipsum. Velit blanditiis cupiditate quisquam corporis adipisci. Aut omnis fugiat dolores voluptatem harum rerum sapiente. Error aspernatur itaque magnam ad sit alias rerum.', 6, '1979-09-08 14:01:58', '2004-10-04 00:52:25');
INSERT INTO `posts` (`id`, `user_id`, `community_id`, `head`, `body`, `views_counter`, `created_at`, `updated_at`) VALUES (30, 27, 70, 'Et eos ex quae.', 'A ipsa voluptas placeat officiis. Dolor deleniti blanditiis est distinctio nulla qui nulla. Quo ducimus in ut. Eum pariatur necessitatibus quas accusantium quas. Possimus voluptatem mollitia qui sed et delectus eius dolores. Expedita sapiente commodi error accusantium at deleniti quis. Vero non accusamus nulla voluptates repellat. Earum laudantium dolorem dolores odio distinctio. Assumenda qui qui eaque quisquam. Sed ad eos ducimus minima. Iure at modi sed velit rerum nemo ullam. Qui voluptatem nemo et natus qui tempore dolorem.', 0, '1974-02-08 19:03:22', '1994-01-19 07:49:47');
INSERT INTO `posts` (`id`, `user_id`, `community_id`, `head`, `body`, `views_counter`, `created_at`, `updated_at`) VALUES (31, 17, 79, 'Qui ducimus vel.', 'Necessitatibus non sit minus repellat deleniti blanditiis voluptatem. Quibusdam vel iure nobis. Voluptatum et deleniti perspiciatis. Laudantium accusantium sit eligendi odio omnis officia. Quas qui molestiae eum dolore enim veniam temporibus. Soluta quas perferendis nobis alias ut. Ipsum sed tempore voluptatem qui dolores et. Velit perferendis sit molestiae distinctio minus qui. Consequatur provident iusto error impedit vel nesciunt soluta fugit. Quibusdam sed quia aut architecto sunt perferendis. Quod ut quidem ex inventore qui. Ea adipisci similique sequi facere necessitatibus. Laborum voluptatem sunt qui optio ullam possimus.', 61118, '2002-07-09 21:03:00', '1995-02-20 10:45:00');
INSERT INTO `posts` (`id`, `user_id`, `community_id`, `head`, `body`, `views_counter`, `created_at`, `updated_at`) VALUES (32, 77, 27, 'Mollitia assumenda eius ea.', 'Facere sed debitis eligendi aut autem corporis vel. Ut esse repellendus expedita quia. Molestias eaque quidem ut qui quibusdam voluptates in repellendus. Quis ducimus cum delectus fugiat ut. Ut magni aut non doloribus qui. Nisi odit necessitatibus voluptates quisquam cupiditate illo. Perferendis in et vel eius rerum. Non dolor sit nihil aliquid earum amet doloremque. Commodi nihil ipsum optio perferendis eveniet. Mollitia et unde illum quos eum quia ad. Non repellat dignissimos nostrum enim at. Et quibusdam nam vitae omnis numquam non. Architecto culpa aut accusantium est consequuntur error.', 88780, '1999-11-16 07:52:14', '1978-07-03 08:51:35');
INSERT INTO `posts` (`id`, `user_id`, `community_id`, `head`, `body`, `views_counter`, `created_at`, `updated_at`) VALUES (33, 98, 58, 'Commodi qui eos consectetur.', 'Et consectetur quos aut. Est aut dolorem tenetur dolorem non. Aut dolorem eligendi quis accusantium dolor autem commodi at. Voluptas tempora dolores praesentium cumque voluptatem aut in. Nulla ex omnis maiores autem. Numquam facilis repudiandae consequatur deleniti voluptatum et voluptas. Debitis dolorem cumque similique natus reprehenderit aperiam. Aut ullam consequatur dolorem ipsa. Mollitia delectus sed vel asperiores modi velit. Pariatur repudiandae est similique quam magnam. Tempora repellat nihil voluptatum temporibus nostrum. Nihil amet totam nesciunt incidunt autem id sit.', 0, '1980-06-27 09:07:56', '1986-11-17 19:14:14');
INSERT INTO `posts` (`id`, `user_id`, `community_id`, `head`, `body`, `views_counter`, `created_at`, `updated_at`) VALUES (34, 81, 78, 'Quia distinctio dicta.', 'Libero incidunt recusandae atque deleniti sequi. Accusamus sunt incidunt qui rerum et. Minus doloremque aut aut sint magnam excepturi quia. Saepe eos non suscipit minus. Illo necessitatibus soluta quasi sequi. Est dolores consequatur totam eius. Perspiciatis aut iure eum quam iusto facere quo nemo. Quibusdam dolor temporibus nisi cumque odit quis. Vero maiores ratione tempora omnis. Neque et minus sequi ut dolorem. Itaque mollitia rerum consequuntur quia unde occaecati velit. Eveniet est illo error animi. Hic alias consequatur ea non. Reprehenderit rerum distinctio tempore est qui fugit.', 22735, '1976-12-23 19:45:07', '1998-04-07 16:20:45');
INSERT INTO `posts` (`id`, `user_id`, `community_id`, `head`, `body`, `views_counter`, `created_at`, `updated_at`) VALUES (35, 15, 81, 'Nostrum dolor dolores.', 'Quasi incidunt odio qui. Hic aspernatur consequuntur id aut non. Dolores qui voluptatum et cumque. Consequatur quidem rerum debitis tenetur impedit ullam nesciunt rerum. Aut deleniti atque odio et voluptatem quo. Veniam ipsum sed occaecati sed voluptatem sed et. Non ex illo magnam aspernatur amet non. Et et sunt aut quaerat. Incidunt sit eos aliquid culpa voluptatem omnis voluptate. Omnis quasi pariatur eum officia natus reiciendis reiciendis. Dolores explicabo modi aperiam et fuga tempore ad quidem.', 0, '1996-07-21 12:43:27', '1982-12-14 07:09:20');
INSERT INTO `posts` (`id`, `user_id`, `community_id`, `head`, `body`, `views_counter`, `created_at`, `updated_at`) VALUES (36, 1, 60, 'Libero consectetur iste natus.', 'Consequatur corporis architecto voluptatum corrupti qui. Est non ratione repellat error fugit iste et. Repellendus beatae facilis vel minima illum. Libero quaerat qui consequatur. Non officiis dolore quaerat in dicta a voluptatibus. Aut distinctio minima sint id dolorem incidunt. Repellendus hic quo fugit eos dolorum aut totam nesciunt. Aut alias doloribus sed eaque fugiat excepturi accusamus. Vel omnis dolores non quos repudiandae rerum. Voluptatem sed qui iure nihil expedita officiis doloremque. Est dolorem assumenda reprehenderit nostrum consequuntur. Rerum eos minima dolor provident tempore et. Non soluta ad est ut est occaecati.', 31, '2018-07-22 17:13:34', '1972-12-25 16:27:45');
INSERT INTO `posts` (`id`, `user_id`, `community_id`, `head`, `body`, `views_counter`, `created_at`, `updated_at`) VALUES (37, 25, 58, 'Enim qui explicabo.', 'Quasi aliquid repellat incidunt quia sunt in. Fugit atque animi labore nesciunt velit adipisci cupiditate. Nihil et quisquam totam et sed. Harum laboriosam corrupti natus sit. Et est vero quaerat dolorem. Laboriosam quis nobis recusandae in fugit facere. Nihil sequi unde perferendis repellat accusantium quasi. Accusantium quo non hic amet explicabo et. Tempore iste minima eos labore. Fuga cupiditate alias ea voluptatem eos repellat quasi. Explicabo adipisci voluptatem eos placeat accusamus labore. Facilis explicabo veniam necessitatibus.', 0, '2013-10-07 22:28:06', '1998-11-16 01:07:39');
INSERT INTO `posts` (`id`, `user_id`, `community_id`, `head`, `body`, `views_counter`, `created_at`, `updated_at`) VALUES (38, 67, 10, 'Reiciendis aspernatur.', 'Consequuntur omnis quo corrupti in inventore ea ducimus. Sint mollitia et et voluptatem consequatur est. Dolorem rerum reprehenderit repellat qui qui. Non dolores voluptas nostrum laboriosam ratione quia blanditiis. Quis adipisci id incidunt libero. Tenetur voluptate dolore pariatur deserunt. Et eum molestias nostrum eum aut. Illum omnis odit dolor debitis quis ut et. Vel explicabo dignissimos odit ut. Nobis commodi perferendis temporibus hic quisquam rerum. Sit nostrum sunt deserunt ea doloribus necessitatibus.', 33056211, '1990-03-24 03:46:56', '2009-01-28 10:39:54');
INSERT INTO `posts` (`id`, `user_id`, `community_id`, `head`, `body`, `views_counter`, `created_at`, `updated_at`) VALUES (39, 89, 10, 'Et debitis id aperiam.', 'Itaque dolorem fugiat sint illo veniam quo. Quo quidem accusamus totam porro totam consectetur. Explicabo dolores maiores qui aut velit fugiat vel quasi. Harum velit expedita recusandae consequuntur consectetur nihil. Autem debitis est quos unde. Molestiae voluptatem illum inventore dolorem aut. Debitis in corrupti voluptatem quos. Aliquam totam earum repellendus iure molestiae autem illo. Vel accusamus nulla et distinctio reprehenderit dolores. Libero possimus ut odio id culpa quis nesciunt. Perferendis qui nesciunt doloribus ratione. Distinctio impedit facere non velit autem tempore non. Est et repudiandae exercitationem nemo officiis qui quae. Quisquam voluptatem laboriosam est.', 8300, '2003-01-20 05:48:26', '1997-05-15 11:49:04');
INSERT INTO `posts` (`id`, `user_id`, `community_id`, `head`, `body`, `views_counter`, `created_at`, `updated_at`) VALUES (40, 28, 70, 'Doloribus quod quibusdam.', 'Architecto ut itaque et sit dolorem. Blanditiis nisi quod quia et soluta dolor. Eos enim ullam modi sit eligendi itaque. Molestiae tempore ratione deserunt aut deleniti consequatur dicta. Quidem et aliquam vel nobis excepturi eaque. Nihil libero quod eaque. Eos sed voluptatem nisi dolorem. Odit recusandae at dicta sapiente eaque. Ex qui aut ex inventore.', 4111072, '1995-08-04 22:46:11', '1973-05-16 20:41:11');
INSERT INTO `posts` (`id`, `user_id`, `community_id`, `head`, `body`, `views_counter`, `created_at`, `updated_at`) VALUES (41, 62, 67, 'Eos quas corrupti et.', 'Omnis magnam autem ea iusto. Adipisci quasi consequatur consequuntur repellat aspernatur molestiae. Labore vero dicta voluptas. Vel corporis qui voluptatem eveniet adipisci. Exercitationem corrupti deserunt accusamus non nihil similique. Et odio repudiandae quia omnis praesentium nisi et. Vel reprehenderit id sint dolor.', 155466460, '2010-09-19 06:10:45', '1979-11-03 03:19:23');
INSERT INTO `posts` (`id`, `user_id`, `community_id`, `head`, `body`, `views_counter`, `created_at`, `updated_at`) VALUES (42, 99, 58, 'Veritatis quae qui unde.', 'Placeat consequuntur fugiat quibusdam fuga fugit nostrum et. Inventore reprehenderit accusamus natus nihil. Consequatur sed corporis ut. Sint facilis veniam enim non est rerum. Recusandae in consequuntur non nobis. Temporibus nesciunt in qui rerum sed. Qui facere voluptatem qui non ut. Veniam id blanditiis labore sunt. Nobis accusantium sunt sit id repellat. Est quis nihil vitae aut. Quia voluptates quidem natus beatae voluptatem consequatur voluptas. Cumque qui quo occaecati libero sint. Soluta aperiam corrupti illo et dolor aut amet. Numquam voluptatem deserunt autem non saepe.', 94437, '1993-07-12 17:18:59', '2010-12-01 10:40:41');
INSERT INTO `posts` (`id`, `user_id`, `community_id`, `head`, `body`, `views_counter`, `created_at`, `updated_at`) VALUES (43, 8, 50, 'Optio unde iste.', 'Commodi temporibus culpa vel. Reiciendis corporis libero amet quam sapiente ea. Autem earum provident consequuntur fuga est iste eum. Neque libero corporis quam doloribus dolor aut fugiat. Nam aut perspiciatis cupiditate. Harum vel nihil est veniam. Doloribus et dolore dolor et cumque. Dolorem sequi iusto sapiente aliquid.', 287, '1993-05-29 13:23:53', '1993-01-14 13:48:59');
INSERT INTO `posts` (`id`, `user_id`, `community_id`, `head`, `body`, `views_counter`, `created_at`, `updated_at`) VALUES (44, 91, 4, 'Aut at consequatur nemo.', 'Error ipsa delectus nobis voluptate. Magni omnis laudantium rerum dolor velit. Quia eum dolores eligendi. Unde ipsum vel voluptas necessitatibus. Et explicabo quod fugit ut deleniti magnam. Mollitia exercitationem nemo ipsam quia error. Velit et laboriosam dolores ut. Quos id perferendis possimus recusandae. Necessitatibus eos non sint adipisci distinctio. Dolor suscipit adipisci aut. Culpa ut ipsum expedita rerum labore. Veritatis soluta ut quidem dolore omnis voluptatem voluptatem. Quia ipsam nesciunt ut eum laborum sunt. Natus quibusdam ex ut quia ut.', 597, '1991-02-05 19:05:39', '1975-11-12 23:02:35');
INSERT INTO `posts` (`id`, `user_id`, `community_id`, `head`, `body`, `views_counter`, `created_at`, `updated_at`) VALUES (45, 29, 12, 'Pariatur perspiciatis porro natus.', 'Qui voluptatem expedita rerum sit animi sed. Culpa molestiae nemo et nihil non. Doloremque qui impedit nam delectus. Doloribus dicta dolores aut repellat aut. Quod est officia illum et quis inventore ut quia. Perferendis autem dolorum et error et. Sint corporis nisi non ullam. Illo optio neque totam adipisci ullam voluptatem voluptas quasi. Sint ipsam dolorem dolores quidem tempore. Est quia eum ut facere. Numquam inventore fuga corrupti perferendis. Magnam dignissimos accusantium dolorem cum dolor nihil illo consequatur. Exercitationem reiciendis minus voluptatibus. Aspernatur facere consequatur blanditiis.', 2, '1982-09-19 23:58:50', '1989-12-01 20:43:26');
INSERT INTO `posts` (`id`, `user_id`, `community_id`, `head`, `body`, `views_counter`, `created_at`, `updated_at`) VALUES (46, 75, 94, 'Libero tenetur id distinctio.', 'Quo sint quia quisquam provident et fuga. Quis eos vero nulla eius aut veniam et. Nemo quis delectus tenetur ipsa eaque. Totam rerum consequuntur vero temporibus id voluptas aut. Provident eligendi odio facere. Qui nostrum rem architecto tempora. Enim nam eligendi ut nisi et nisi aut. Dolorum cum rem qui porro rem cumque ad itaque. Voluptatum et ab nihil ad et architecto aperiam perspiciatis.', 0, '1972-10-13 12:13:03', '1992-07-16 10:41:45');
INSERT INTO `posts` (`id`, `user_id`, `community_id`, `head`, `body`, `views_counter`, `created_at`, `updated_at`) VALUES (47, 37, 18, 'Et molestiae quaerat et.', 'Reprehenderit eveniet hic dolorum possimus dolores dolorum. Ipsam sequi eum doloremque inventore iste temporibus sed iure. In dolorem sunt voluptatum officia quas. Quis earum ut ut adipisci at labore. Perspiciatis occaecati ut et porro in sit. Natus explicabo neque consequatur quo ut autem reprehenderit. Temporibus rem perferendis inventore dolor eos. Repellendus iste aut similique ducimus. Quia fuga eos enim enim harum. Eligendi exercitationem id quibusdam est ipsa.', 57, '2010-08-16 03:47:55', '1973-11-29 07:50:10');
INSERT INTO `posts` (`id`, `user_id`, `community_id`, `head`, `body`, `views_counter`, `created_at`, `updated_at`) VALUES (48, 5, 5, 'Doloribus vel distinctio iste.', 'Suscipit dolores velit temporibus ea. Nisi non ab provident sit voluptatem sed quia eum. Non quis velit voluptatem illum repellendus. Similique quod aut ipsum. Ducimus cupiditate sed enim quam facilis et ut. Quo inventore consequatur maxime voluptate minus aperiam quidem. Rerum perspiciatis dolor quibusdam animi ut enim doloribus. Saepe necessitatibus illo ut necessitatibus molestiae.', 0, '1997-06-27 19:44:02', '1984-03-08 21:04:03');
INSERT INTO `posts` (`id`, `user_id`, `community_id`, `head`, `body`, `views_counter`, `created_at`, `updated_at`) VALUES (49, 83, 31, 'Odit nihil qui rerum.', 'Nihil quaerat quo rerum veniam et natus est. Eligendi eum laboriosam sint animi facilis natus. Quas alias sint atque. Id ipsa error quia dolor qui molestiae maxime. Eum nemo at et consequatur magnam numquam consequatur. Et soluta facilis eum. Mollitia ut enim possimus neque a molestias at. Consequuntur aut qui ullam et qui. Qui et omnis perferendis natus dolore. Reiciendis doloribus aut ad veniam doloremque. Et dolorem rerum tenetur explicabo autem. Deserunt in quasi alias adipisci. Perspiciatis omnis dolorum sint debitis deleniti sunt dolor. Laborum repellat commodi id esse aut.', 513162, '1970-05-19 11:48:19', '2008-04-20 18:20:55');
INSERT INTO `posts` (`id`, `user_id`, `community_id`, `head`, `body`, `views_counter`, `created_at`, `updated_at`) VALUES (50, 51, 76, 'Velit vitae.', 'Cum porro animi illum explicabo ea dignissimos. Laborum illum ratione explicabo praesentium qui nisi nostrum dicta. Libero in deserunt quia enim optio ut sapiente. Voluptatem recusandae molestias velit nostrum. Sunt aut omnis assumenda ad est. Et voluptates neque atque enim. Laudantium saepe in perferendis doloremque perspiciatis maxime autem. Quos beatae assumenda molestiae voluptatibus ullam impedit. Officiis quos occaecati aut odio velit autem. Fugiat eius sit ea a esse. Assumenda porro possimus praesentium aut alias corrupti.', 96, '1998-02-05 14:47:23', '1985-04-05 23:26:06');
INSERT INTO `posts` (`id`, `user_id`, `community_id`, `head`, `body`, `views_counter`, `created_at`, `updated_at`) VALUES (51, 96, 81, 'Dolorum dolor aliquam.', 'Quia nobis officiis sapiente provident libero. Corrupti eius et eos. Sunt perspiciatis ut eos qui quis. Iste itaque quia voluptatibus exercitationem consequatur. Impedit laudantium iste aperiam aut doloribus eaque nam. Sunt consequatur consectetur corrupti voluptate esse quam. Aut odit sunt pariatur id non sapiente quis. Quisquam rerum minus sequi. Suscipit ut in est quam animi. Optio tempora laudantium officiis et ut.', 0, '1998-10-04 23:26:26', '2004-05-24 10:15:00');
INSERT INTO `posts` (`id`, `user_id`, `community_id`, `head`, `body`, `views_counter`, `created_at`, `updated_at`) VALUES (52, 79, 86, 'Repudiandae nihil corporis.', 'Porro aut hic quia vitae ipsa suscipit a. Delectus aspernatur aspernatur qui est voluptas dolorem velit officia. Fugit numquam nesciunt vitae. Aut similique id tenetur deserunt et nam vel laborum. Autem qui fugit soluta voluptatem voluptate autem. Magnam non non dicta recusandae consequuntur consequatur. Dicta hic est et.', 20696018, '2001-07-02 11:30:28', '1998-06-22 21:51:48');
INSERT INTO `posts` (`id`, `user_id`, `community_id`, `head`, `body`, `views_counter`, `created_at`, `updated_at`) VALUES (53, 45, 76, 'Rerum numquam delectus dolorem occaecati.', 'Accusamus corrupti qui eius ipsa vero quam. Architecto id maiores qui cumque molestiae sapiente in. Magni eveniet quis tempore omnis sint. Culpa praesentium et sed rerum minus corporis sapiente. Facere quia natus voluptatem voluptatem voluptas ullam. Minima et illo ut autem ut. Aut in earum aspernatur dolores suscipit voluptatem.', 2, '1996-09-06 12:29:56', '1974-07-11 06:01:13');
INSERT INTO `posts` (`id`, `user_id`, `community_id`, `head`, `body`, `views_counter`, `created_at`, `updated_at`) VALUES (54, 24, 37, 'Reprehenderit quia nihil.', 'Nemo illum accusantium voluptatibus pariatur consequatur. Ullam minima recusandae voluptas facere. Et incidunt eum reiciendis et unde pariatur. Voluptate mollitia labore labore vel. Sit nihil natus saepe neque libero quia ut. Voluptatem quo sint fuga voluptates. Nihil vel in officiis autem facilis consectetur. Omnis eligendi optio dolor omnis. Aliquid voluptatum quia tenetur exercitationem est. Sed temporibus rerum ea mollitia similique atque enim ullam. Et aliquam dignissimos tenetur aperiam aspernatur at rerum. Voluptates ullam nostrum est vero eum aliquam.', 8, '1994-05-13 23:30:02', '2002-08-20 12:22:30');
INSERT INTO `posts` (`id`, `user_id`, `community_id`, `head`, `body`, `views_counter`, `created_at`, `updated_at`) VALUES (55, 88, 33, 'Reiciendis consequatur excepturi corporis.', 'Quasi expedita reiciendis velit rerum magni quia laudantium quaerat. Consectetur odit dignissimos modi quos. Facilis animi laborum est accusantium. Odit alias magni placeat aspernatur eius ex. Praesentium corporis sed voluptas et. Est voluptatem possimus sunt velit rerum. Ut numquam dicta nihil ex consequatur. Architecto odio vero aut fuga quam illum ratione sed. Est eaque ipsa rem distinctio sit sit. Amet fugit qui id veritatis temporibus aperiam dolores tempora. Quis expedita tempora eum.', 8, '2005-04-30 19:11:12', '1991-06-13 00:44:52');
INSERT INTO `posts` (`id`, `user_id`, `community_id`, `head`, `body`, `views_counter`, `created_at`, `updated_at`) VALUES (56, 29, 18, 'Totam debitis.', 'Suscipit numquam iste illum quod ut. Dolorem eaque saepe nam ratione beatae eligendi ipsa. Delectus quia alias libero dolor. Corporis doloribus aliquam facere sapiente et expedita atque. Omnis pariatur nisi ullam accusantium eum illum impedit velit. Est est ut velit illum. Laudantium in sequi aperiam voluptates architecto ut. Accusantium quo quis maiores exercitationem voluptatem et quisquam. Autem hic est amet amet ut provident. Consequatur id nesciunt et quod. Vero reiciendis repudiandae cumque veritatis velit. Quia in quo recusandae ut in voluptatem eligendi.', 5382663, '2014-12-28 03:02:31', '1999-11-13 18:00:17');
INSERT INTO `posts` (`id`, `user_id`, `community_id`, `head`, `body`, `views_counter`, `created_at`, `updated_at`) VALUES (57, 93, 68, 'Minus doloribus consequuntur officia.', 'Ipsam reprehenderit vitae rerum omnis earum eius eveniet. Commodi at magnam reprehenderit aut quis laborum provident. Quam iure debitis odit. Inventore officia ea pariatur maxime aliquam sed. Et vel facere saepe perspiciatis. Occaecati cupiditate delectus sunt. Nesciunt cum impedit eveniet et excepturi eum.', 878, '2014-10-12 21:23:39', '1983-07-11 04:42:36');
INSERT INTO `posts` (`id`, `user_id`, `community_id`, `head`, `body`, `views_counter`, `created_at`, `updated_at`) VALUES (58, 26, 5, 'Consectetur explicabo doloremque sed.', 'Modi consequatur quas rem ipsam qui. Et qui accusantium quaerat quia. Sit qui eius occaecati consectetur saepe. Aliquid vel quos cumque fugiat corporis. Vero qui illum earum quidem quia ea similique velit. Nesciunt at nobis nihil facere enim labore sequi. Hic impedit corrupti voluptatem accusamus. Dignissimos aut voluptas rem deserunt error ut. Error qui et qui hic quia. Optio ea velit soluta quis. Corporis est et cumque aut quia aut tempora. Iste necessitatibus ut dolorum omnis.', 21299, '2005-01-07 09:21:42', '2009-07-08 16:24:39');
INSERT INTO `posts` (`id`, `user_id`, `community_id`, `head`, `body`, `views_counter`, `created_at`, `updated_at`) VALUES (59, 77, 58, 'Et quis similique.', 'Saepe molestiae magnam excepturi eaque ut fugiat. Quo voluptatem est quidem ea officiis natus porro est. Qui pariatur in est dolorem delectus. Dolor facere dicta ut repellat omnis molestias. Ea harum aut aut laudantium ea reprehenderit consequuntur a. Similique dolores voluptate fuga id. Facere autem sit repudiandae eum quisquam nemo. Quia dolor iure nobis aspernatur quos. Totam facere dolore rerum. Et et accusantium incidunt voluptatum et aspernatur soluta.', 531650073, '1973-07-14 03:11:50', '1979-09-26 04:55:17');
INSERT INTO `posts` (`id`, `user_id`, `community_id`, `head`, `body`, `views_counter`, `created_at`, `updated_at`) VALUES (60, 86, 18, 'Quia repellendus facilis qui.', 'Quas molestias officiis qui facere. Voluptas saepe asperiores dolorem sequi consequuntur. Fugit vero repudiandae magni et velit eius temporibus. Consequatur nam tenetur alias magnam impedit praesentium. Quia ut laudantium quam veniam et. Consequuntur officia et eos impedit autem. Eos ipsa tenetur ea in veniam eveniet porro. Soluta voluptas qui possimus eum ut occaecati tempora amet. Fugit quis perferendis saepe ut ut eaque. Odit non ut numquam libero. Voluptatibus sed velit eligendi error culpa quisquam. Iure veritatis sapiente dolores eligendi. Modi sed sit omnis ducimus pariatur nostrum explicabo itaque. Eum quia non ratione fugit et voluptates dolores.', 743290273, '1970-02-16 13:09:04', '1978-07-01 06:07:23');
INSERT INTO `posts` (`id`, `user_id`, `community_id`, `head`, `body`, `views_counter`, `created_at`, `updated_at`) VALUES (61, 33, 34, 'Eius ea voluptas voluptas.', 'Qui est vel quis dolore et. Id quia officiis sunt voluptatem consequatur. Optio impedit quam qui corporis sit. Aut qui dolore perspiciatis sed suscipit et eum. Est velit quia consequatur voluptatem qui voluptas. Omnis ut perferendis accusamus perferendis voluptas. Eaque et ipsam voluptatem deserunt corrupti quia. Quia velit dicta omnis praesentium dolore ullam asperiores. Ea eos magnam natus quia. Ut magni itaque laborum est dolorem eos ut. Non ut et quaerat magni.', 615608240, '2005-11-24 03:07:39', '2013-03-14 04:50:02');
INSERT INTO `posts` (`id`, `user_id`, `community_id`, `head`, `body`, `views_counter`, `created_at`, `updated_at`) VALUES (62, 6, 5, 'Suscipit sed neque labore provident.', 'Cum dolorem minus ipsa dolores illum aut a. Ipsa omnis natus alias ut dolor. Occaecati quidem similique quia impedit sit soluta. Ex error assumenda et quas nostrum quibusdam. Beatae natus adipisci perferendis id officia optio. Numquam quia ducimus magni quam delectus rerum. Nobis officiis est aut qui. Voluptatem fugiat fugit libero est vero. Nam illum officiis nostrum rerum omnis. Dolorum excepturi dolore nesciunt. Et expedita molestiae nostrum quasi. Quae voluptatem expedita enim reprehenderit. Esse quis rerum nostrum quia beatae voluptas.', 5323, '1994-02-28 23:55:39', '1988-12-05 09:40:16');
INSERT INTO `posts` (`id`, `user_id`, `community_id`, `head`, `body`, `views_counter`, `created_at`, `updated_at`) VALUES (63, 72, 54, 'Est natus facilis ullam.', 'Voluptas commodi magni similique doloremque. Et necessitatibus saepe exercitationem. Magni exercitationem est vitae magni aut non repudiandae. Sunt nobis illo temporibus et est rerum in. Enim voluptatem molestias voluptatibus sapiente aut. Consectetur molestiae cum voluptas et ex optio esse. Aliquam sit quis quo molestiae impedit tempore. Recusandae magni rerum porro sit. Repudiandae ea aut eos quis non. Assumenda vitae ut nesciunt facilis sequi.', 8181, '1981-09-02 12:18:37', '1986-02-01 02:36:37');
INSERT INTO `posts` (`id`, `user_id`, `community_id`, `head`, `body`, `views_counter`, `created_at`, `updated_at`) VALUES (64, 80, 23, 'Voluptas fugit voluptatem voluptas.', 'Culpa eos placeat quis debitis natus incidunt. Natus nesciunt aperiam nulla ut sit et. Rem soluta quidem sed eos dolores fugiat. Sunt provident est magni. Necessitatibus et et at accusantium tempore. Est voluptatum perspiciatis vitae dolor. Quas tempore ipsa aut. Et ut sed ex at. Architecto aut nihil perferendis cum commodi. Nemo eum maxime exercitationem qui ab.', 826767, '2003-10-06 08:12:57', '1994-01-16 05:15:41');
INSERT INTO `posts` (`id`, `user_id`, `community_id`, `head`, `body`, `views_counter`, `created_at`, `updated_at`) VALUES (65, 9, 80, 'Quasi odit perspiciatis.', 'Accusantium eaque aspernatur quia ducimus voluptatum et perferendis. Sapiente porro sunt deleniti maxime. Eos eligendi non aut. Eveniet consequatur nulla quos enim ipsa magnam ut. Nulla sed in aut qui ullam. Consequuntur tempora iste animi dolores sunt deserunt voluptatem. Et excepturi culpa ducimus nemo non. Blanditiis illo et a et aut et. Rerum perferendis eos a quia itaque aspernatur est.', 0, '2017-08-24 22:54:23', '1992-06-25 12:10:05');
INSERT INTO `posts` (`id`, `user_id`, `community_id`, `head`, `body`, `views_counter`, `created_at`, `updated_at`) VALUES (66, 32, 60, 'Qui qui rerum non.', 'Facere amet ullam non consequuntur repellendus et. Adipisci qui est maxime iure ea quasi cum ea. Possimus et corporis est inventore. Voluptatem quia cum laborum provident hic quia delectus quo. Accusamus ullam fuga et quam. Inventore occaecati nobis eligendi incidunt. Quo aut qui velit cupiditate nulla. Quaerat eligendi vel et dolores qui ex.', 60, '1998-06-26 12:12:53', '2000-11-19 09:26:12');
INSERT INTO `posts` (`id`, `user_id`, `community_id`, `head`, `body`, `views_counter`, `created_at`, `updated_at`) VALUES (67, 86, 60, 'Unde consequuntur quia omnis.', 'Maxime magni doloremque expedita ullam error et deserunt dolores. Minima quia alias velit. Laudantium nihil eius est accusamus fugit non. Odit cum totam et adipisci accusantium. Est a maxime impedit. Ut qui deserunt id voluptatibus ad harum. Facere cupiditate quas asperiores consequatur magnam totam recusandae. Commodi ut occaecati a recusandae minus harum id corporis. Iusto libero et officiis. Quaerat ducimus nobis maiores itaque eius assumenda. Et blanditiis quas libero.', 406, '2011-10-11 03:37:25', '2001-03-14 13:42:15');
INSERT INTO `posts` (`id`, `user_id`, `community_id`, `head`, `body`, `views_counter`, `created_at`, `updated_at`) VALUES (68, 86, 97, 'Dolorem earum itaque.', 'Ut est et quis. Porro at numquam iure et autem. Harum illum necessitatibus occaecati repudiandae quos. Dicta dignissimos voluptatem ullam omnis fugiat nihil. Et ipsum facilis eaque quidem id qui repudiandae. Tenetur inventore aut amet quae tempore consequuntur. Vel quasi officia hic.', 1, '1987-05-21 20:11:36', '1990-03-23 17:45:51');
INSERT INTO `posts` (`id`, `user_id`, `community_id`, `head`, `body`, `views_counter`, `created_at`, `updated_at`) VALUES (69, 82, 72, 'Voluptatem eius ipsum.', 'Eius enim in ad. Consequatur non ab a labore dicta consectetur provident. Consequuntur saepe sunt veniam omnis aut expedita totam. Nesciunt dolorum praesentium accusantium laboriosam ut iure. Earum et vel voluptates illum. Incidunt est quod totam. Voluptatem quidem qui explicabo inventore quod magnam. Repellat officiis omnis ea. Voluptatem libero debitis sit rerum ad pariatur suscipit molestiae. Incidunt qui omnis dolores sit repudiandae. Repellat vero adipisci sunt facere earum. Omnis modi magni sit impedit sequi esse. Fuga ratione possimus tempora et.', 42143887, '2008-12-31 19:09:38', '1999-12-09 09:20:47');
INSERT INTO `posts` (`id`, `user_id`, `community_id`, `head`, `body`, `views_counter`, `created_at`, `updated_at`) VALUES (70, 26, 63, 'Fugiat aliquid optio veniam.', 'Vel quae qui consequatur quibusdam totam eum. Nam maxime dicta magni est in. Et excepturi nihil pariatur occaecati culpa. Inventore autem ea mollitia commodi omnis adipisci placeat. Ut nihil nostrum rerum aut quam ut adipisci. Consequuntur voluptatem inventore recusandae consequatur voluptatibus labore sint. Unde possimus magnam error magni aut et ratione. Nihil reprehenderit excepturi alias iure distinctio rerum.', 0, '2001-07-18 10:11:16', '1974-02-13 20:24:54');
INSERT INTO `posts` (`id`, `user_id`, `community_id`, `head`, `body`, `views_counter`, `created_at`, `updated_at`) VALUES (71, 16, 43, 'Modi assumenda quis.', 'Aut qui pariatur aut ad molestias. Amet repellat ea sequi modi nihil maxime consequuntur veritatis. Iure tempora repellendus modi optio fuga earum. Ipsam enim consectetur autem aut totam repudiandae similique temporibus. Veniam dolore temporibus labore mollitia dignissimos eum. Explicabo eius atque nesciunt laborum error. Tenetur quibusdam debitis debitis quis et. Explicabo numquam corrupti et quod amet. Suscipit corrupti ad perspiciatis consequatur doloremque dicta ullam. Ducimus et veritatis commodi quia. Alias fugit dolores quo consequatur. Sint quae tempora non eaque cumque totam. Iusto facilis eveniet reprehenderit autem ut accusantium sint.', 6653863, '1971-09-12 20:48:57', '1993-12-28 17:35:15');
INSERT INTO `posts` (`id`, `user_id`, `community_id`, `head`, `body`, `views_counter`, `created_at`, `updated_at`) VALUES (72, 59, 58, 'Quisquam ducimus sunt fuga.', 'Impedit consectetur repellendus repudiandae in. Labore nam a et rerum nemo aut quasi. Sapiente accusantium quis dolores eos. Adipisci exercitationem ipsam commodi id vel quae harum. Et quos ab magnam quisquam quos. Ut porro possimus ea assumenda. Nemo et natus sed enim. Eveniet dolorum voluptas voluptates est molestiae sit sunt. Fugiat in eum laudantium quisquam id vitae.', 6, '1973-09-04 08:28:26', '2004-12-04 17:36:48');
INSERT INTO `posts` (`id`, `user_id`, `community_id`, `head`, `body`, `views_counter`, `created_at`, `updated_at`) VALUES (73, 46, 96, 'Fugiat eaque ratione.', 'Molestiae laboriosam et sed et officiis. Incidunt delectus autem delectus est illo quia molestiae. Dolorem iste nam error et similique omnis. Officiis quo quam incidunt fuga aperiam magni. Sint minus maiores non accusamus. Qui architecto quasi itaque quia eveniet consequuntur. Qui est sunt porro iste.', 110, '1979-07-03 17:42:38', '1996-12-08 13:16:40');
INSERT INTO `posts` (`id`, `user_id`, `community_id`, `head`, `body`, `views_counter`, `created_at`, `updated_at`) VALUES (74, 84, 88, 'Quia consequatur consequatur earum.', 'Aut eaque odio natus ea fugiat. Temporibus consequuntur cum veritatis voluptas nihil quam et. Veniam rem sequi eveniet atque ut. Magnam voluptas commodi qui magni reiciendis culpa at est. Recusandae est dolorum aut ratione doloribus fugiat illo numquam. Inventore et qui in est inventore facere pariatur. Velit culpa possimus alias.', 0, '1973-05-28 08:01:51', '1980-09-21 11:47:06');
INSERT INTO `posts` (`id`, `user_id`, `community_id`, `head`, `body`, `views_counter`, `created_at`, `updated_at`) VALUES (75, 56, 61, 'In quis aut ullam.', 'Minima sunt harum nobis cum maiores dolore. Ea ad optio quam facilis. Soluta nobis fuga dicta consequatur harum et. Enim ducimus delectus enim at voluptas quas. Officia ipsum similique repudiandae ipsum ut. Incidunt ut a harum quidem facilis. Voluptatibus ut quis veritatis eum temporibus deserunt. Voluptatem laborum natus culpa fuga animi atque. Aut tempora et eos iste fugit quidem. Aut vero vero sit dolor eum. Soluta enim asperiores ex corporis voluptas nostrum. Quia iusto quae magnam beatae. Nobis quasi reprehenderit qui adipisci quos. Facere voluptatem deleniti aut.', 6730, '1995-04-05 20:15:53', '1979-11-23 08:48:52');
INSERT INTO `posts` (`id`, `user_id`, `community_id`, `head`, `body`, `views_counter`, `created_at`, `updated_at`) VALUES (76, 53, 90, 'Voluptatem perferendis illo aspernatur.', 'Qui aliquid quidem doloribus fugit quam nobis consequatur. Non suscipit et ut maiores eaque quis. Voluptas molestiae quia aspernatur possimus. Modi quia voluptas id consequatur eum voluptate. Cupiditate nisi minus sit sequi magnam nemo. Repellat iste quos voluptatem est. Quibusdam quia occaecati distinctio quo eum ipsum. Magni vel omnis commodi aut exercitationem doloremque qui.', 131280, '1972-03-28 00:19:49', '2002-04-05 17:04:47');
INSERT INTO `posts` (`id`, `user_id`, `community_id`, `head`, `body`, `views_counter`, `created_at`, `updated_at`) VALUES (77, 100, 42, 'Dolorum alias quisquam officiis.', 'Sapiente dolores occaecati ipsam veniam eos at non. Possimus ut aliquid et temporibus minima. Dolorum consectetur rerum consequatur non. Necessitatibus omnis et qui eaque nesciunt voluptas nihil laudantium. Officiis corporis dolores ipsa aut. Voluptas qui consequatur est omnis. Quaerat possimus modi et est ratione facilis aut. Qui quia officiis quas sint velit labore. Inventore ratione eum aspernatur amet quia. Esse nam itaque alias ad incidunt aliquam est.', 9729265, '1994-09-04 08:47:08', '1995-01-15 16:58:01');
INSERT INTO `posts` (`id`, `user_id`, `community_id`, `head`, `body`, `views_counter`, `created_at`, `updated_at`) VALUES (78, 63, 15, 'Quia assumenda maxime dolores.', 'Et quo omnis omnis sit voluptate laudantium. Ipsum distinctio iusto omnis maxime sit facere aperiam. Hic aliquid est natus et corrupti et. Nam architecto possimus maxime fugit dolor. Voluptatibus voluptas et doloremque veniam. Asperiores voluptatem qui quo voluptas molestiae natus. Deleniti id magnam ullam voluptate expedita. Similique aut iste fuga eius. Nulla rerum esse minima in aut dolores odio. Nihil et quia eligendi voluptatum et eaque. Repellendus facere et enim aliquam. Officiis laborum harum ipsam. Quo exercitationem sit sit explicabo odit sit totam neque.', 0, '1977-02-05 19:57:17', '2002-05-31 11:40:01');
INSERT INTO `posts` (`id`, `user_id`, `community_id`, `head`, `body`, `views_counter`, `created_at`, `updated_at`) VALUES (79, 37, 69, 'Nemo est consequatur.', 'Cupiditate quia sint quidem eius aut. Dignissimos molestiae veniam velit et placeat dolores. Quas ipsum et tempore dignissimos perferendis. Non et iure asperiores. Occaecati consectetur fugiat non fugiat. Eligendi vel dolores laudantium necessitatibus nisi. Corrupti aut qui in pariatur rerum deserunt.', 941577170, '2000-08-28 01:28:45', '1984-11-08 01:05:30');
INSERT INTO `posts` (`id`, `user_id`, `community_id`, `head`, `body`, `views_counter`, `created_at`, `updated_at`) VALUES (80, 85, 6, 'Laudantium modi ea voluptatibus nobis.', 'Officia impedit maxime ullam ullam aspernatur odit. Qui excepturi pariatur quis pariatur. Qui fuga fuga necessitatibus voluptatum. Rerum corporis sunt voluptas aliquid quo et sunt. Ea rem sunt officiis quia. Doloremque sed a eveniet sunt molestiae animi. Et nobis sequi quae laudantium consequatur. Est illo aut maiores tempora et fugit. Repellat vero tempore accusantium occaecati neque inventore est. Quis quasi et qui et eos similique debitis. Atque laudantium aut nemo quam vel tempora.', 22735309, '2001-10-24 15:26:21', '2016-06-30 22:17:03');
INSERT INTO `posts` (`id`, `user_id`, `community_id`, `head`, `body`, `views_counter`, `created_at`, `updated_at`) VALUES (81, 14, 45, 'Voluptatem odio voluptas.', 'Ullam quidem tenetur autem et. Repellendus commodi ducimus iure nobis ullam. Expedita unde vero praesentium enim molestiae cumque itaque ad. Vel voluptatum qui et consequatur dolor. Soluta et quam sunt aut ipsam impedit cumque. Porro id beatae inventore vitae magni ea. Consequuntur dolor incidunt ratione voluptatem ullam.', 7148349, '1971-12-25 15:24:05', '1973-08-25 04:32:12');
INSERT INTO `posts` (`id`, `user_id`, `community_id`, `head`, `body`, `views_counter`, `created_at`, `updated_at`) VALUES (82, 46, 55, 'Exercitationem minus voluptatem.', 'Iure cupiditate dicta qui aut non culpa. Alias enim adipisci facere id sed consequatur. Est eaque odio nisi sunt est voluptate eos. Et a maiores est atque enim. Id numquam velit aliquam sunt numquam veniam consectetur. Pariatur aut architecto repudiandae atque enim. Similique minus sed voluptate quo reiciendis sequi veniam. Debitis qui enim rerum. Aut id magni optio quasi accusantium rem voluptatum. Nam sequi veritatis esse voluptas facilis quibusdam. Nulla quaerat nesciunt quidem. Ipsum earum similique illum et voluptas vero. Consequuntur non ut voluptatem possimus aut id.', 4, '2010-05-31 02:36:51', '1983-01-13 12:26:30');
INSERT INTO `posts` (`id`, `user_id`, `community_id`, `head`, `body`, `views_counter`, `created_at`, `updated_at`) VALUES (83, 45, 89, 'Velit deleniti sint.', 'Numquam occaecati voluptates tenetur officia et saepe consequatur. Labore quae voluptates necessitatibus id dolorum. Dignissimos quia quo a molestias iste. Eius sit quidem ipsum illo. Consequuntur qui repellat cum ducimus dolor qui saepe. Dolores quas fugiat porro nesciunt qui alias sit. Non enim voluptatem et qui fugiat modi. Id dolores nobis qui rerum labore eligendi laborum ut. Sed velit odit non consequuntur suscipit.', 0, '2020-03-17 03:04:56', '2011-08-25 18:27:02');
INSERT INTO `posts` (`id`, `user_id`, `community_id`, `head`, `body`, `views_counter`, `created_at`, `updated_at`) VALUES (84, 46, 70, 'Est maiores animi.', 'Distinctio non cumque nihil sit totam eius. Mollitia tempore nihil consectetur aperiam. Occaecati harum excepturi nam tenetur rem. Sint omnis repellat occaecati quam nobis porro aspernatur. Sint sunt omnis et voluptas ea magni quo. Nihil ut necessitatibus enim sed aut consequuntur. Explicabo excepturi aut suscipit nam aut. Dolorem vitae et voluptas maiores architecto qui sint earum. Omnis nisi sit explicabo. Illo ea enim non.', 4629, '2017-03-24 18:28:52', '2015-12-03 22:24:03');
INSERT INTO `posts` (`id`, `user_id`, `community_id`, `head`, `body`, `views_counter`, `created_at`, `updated_at`) VALUES (85, 41, 73, 'Et est nisi.', 'Velit corporis sapiente qui voluptatem qui repudiandae sunt. Consequatur adipisci quisquam distinctio. Sapiente deleniti vitae architecto. Voluptas dicta quis aliquid reiciendis dolores sunt iste. Sint asperiores hic et et porro enim vel. Modi recusandae sed quis nihil ratione tempore laudantium. Numquam atque exercitationem tenetur rerum est. Sapiente vitae sit qui delectus. Officia laborum nesciunt vel laboriosam rerum voluptas in nemo. Laborum distinctio iure non voluptatum aut non. Dolores omnis temporibus et aspernatur. Quas et quia rem voluptas hic ut nobis excepturi. Incidunt vero dolor consectetur atque. Quos ut veritatis quae consequatur repellat eum numquam.', 21, '1978-01-06 23:49:28', '1980-07-02 09:23:26');
INSERT INTO `posts` (`id`, `user_id`, `community_id`, `head`, `body`, `views_counter`, `created_at`, `updated_at`) VALUES (86, 26, 19, 'Eaque quo consequatur aliquam.', 'Ullam dolores dolore vel eligendi voluptas eaque. Ut nihil dicta exercitationem nam. Occaecati laudantium modi occaecati recusandae voluptatem deleniti consequatur. Ipsam aliquid consequatur accusamus. Eos est ut consectetur unde sint accusantium. Consequatur impedit quasi voluptatem cupiditate et. Exercitationem aut deleniti similique deserunt qui ipsam laboriosam. Et ut possimus eum aspernatur. Laudantium quis est nemo iusto illo. Quae sint harum autem sunt. Magni cum non recusandae incidunt pariatur sit. Ut quia eaque et cumque ad.', 93168, '1980-04-16 00:54:05', '2020-02-16 23:23:10');
INSERT INTO `posts` (`id`, `user_id`, `community_id`, `head`, `body`, `views_counter`, `created_at`, `updated_at`) VALUES (87, 62, 99, 'Id voluptate voluptatem eaque.', 'Aut recusandae quaerat ipsum cupiditate quidem. Eos cum autem non consectetur accusantium possimus veniam voluptas. Eius inventore eos ipsam libero voluptas saepe. Ratione suscipit deserunt est autem tempore. Consequatur magni distinctio debitis quam nemo totam corporis. Qui provident consectetur eius adipisci. Alias earum dolorum totam quae quo repudiandae dolore vitae. Molestiae dolores quod excepturi temporibus. Delectus ex quasi est mollitia culpa accusamus consequatur officia. Quo sed esse blanditiis. Sed quia necessitatibus unde et sit saepe dignissimos. Incidunt ipsam nulla animi.', 89011, '2008-10-17 18:37:03', '1990-11-26 07:55:02');
INSERT INTO `posts` (`id`, `user_id`, `community_id`, `head`, `body`, `views_counter`, `created_at`, `updated_at`) VALUES (88, 56, 7, 'Eos voluptatem quis.', 'Fugiat nemo molestias dignissimos reiciendis autem aut iure consequatur. Accusantium itaque quia omnis et. Quo nobis sequi tenetur sint necessitatibus assumenda. Voluptatem dolorum non omnis neque enim omnis sit quas. Ea excepturi molestias est officiis consectetur. Aut pariatur quae animi non perspiciatis. Consequatur architecto alias voluptas qui labore quis. Nesciunt pariatur quis necessitatibus et. Sit magni esse ad quos sint. Voluptas qui rerum temporibus ipsum recusandae quos. Nihil voluptatem eveniet porro. Ipsum ut rem ipsum consequatur non.', 162409856, '2003-03-07 10:29:02', '1982-05-06 07:26:43');
INSERT INTO `posts` (`id`, `user_id`, `community_id`, `head`, `body`, `views_counter`, `created_at`, `updated_at`) VALUES (89, 90, 77, 'Cum debitis quaerat alias.', 'Et ea sequi reprehenderit assumenda modi est. Deserunt excepturi et velit dolorem veniam esse quibusdam voluptas. Officiis molestiae unde quis voluptatem eveniet rerum. Quis enim suscipit corporis et qui qui qui. Numquam illo molestiae dolorem quas in. Omnis nostrum qui voluptas. Recusandae molestiae veritatis et et sed odio labore nobis. Omnis similique ullam dolor architecto fugiat temporibus sit. Omnis voluptas voluptatem quia animi sequi ab qui. Natus quia voluptates qui pariatur alias. Eligendi ut recusandae eos. In architecto amet qui pariatur est est quidem.', 809148479, '1985-09-30 11:46:39', '2003-05-15 19:36:49');
INSERT INTO `posts` (`id`, `user_id`, `community_id`, `head`, `body`, `views_counter`, `created_at`, `updated_at`) VALUES (90, 89, 34, 'Iste magnam maxime.', 'Placeat doloribus labore non nisi et eum. At explicabo qui maxime officiis dolor quis. Aut et laborum aut molestiae. Et voluptatem quod rem doloribus. Ullam id soluta ipsum ullam iste at. Facere quod nobis molestias aperiam. Voluptatem harum voluptatibus in fuga qui eveniet. Laborum quia aut quo rerum corrupti.', 595114, '1995-03-20 19:02:22', '1973-12-21 03:53:26');
INSERT INTO `posts` (`id`, `user_id`, `community_id`, `head`, `body`, `views_counter`, `created_at`, `updated_at`) VALUES (91, 81, 87, 'Rerum voluptatum molestias eaque.', 'Amet rerum non iste rem amet. Culpa libero dignissimos doloremque asperiores voluptatibus rerum. Voluptas doloribus ut eum placeat dolorum sequi. Aut praesentium eligendi exercitationem. Asperiores nisi esse libero natus maiores. Aut cumque iure distinctio ea. Exercitationem occaecati repellat voluptate. Aut dolores eos optio iste. Deserunt non qui unde sed accusamus. Eaque fugiat sunt vitae ea aut et a. Id voluptate reiciendis molestiae dolores. Nihil consectetur qui ea quia magnam.', 4949, '1977-05-04 22:19:31', '1973-09-06 01:02:59');
INSERT INTO `posts` (`id`, `user_id`, `community_id`, `head`, `body`, `views_counter`, `created_at`, `updated_at`) VALUES (92, 53, 62, 'Cumque nihil est.', 'Enim beatae minus ut commodi aut. Et accusantium soluta nobis. Provident reprehenderit cumque architecto officia et blanditiis. Eius amet doloremque facere a provident et rerum incidunt. Provident ratione doloribus quidem consequatur. Neque consequatur provident voluptatem qui voluptate sunt ipsa eveniet. Illum est omnis quisquam sequi libero consectetur unde. Ut provident quisquam aperiam fugiat. Debitis reprehenderit voluptatem quidem dolor. Reprehenderit libero voluptas beatae perferendis voluptatem libero atque quibusdam. Perferendis iusto sit in recusandae recusandae officiis. Quis fugit vel eum voluptas aliquid in.', 0, '1981-05-10 14:46:39', '1988-08-27 09:36:50');
INSERT INTO `posts` (`id`, `user_id`, `community_id`, `head`, `body`, `views_counter`, `created_at`, `updated_at`) VALUES (93, 40, 62, 'Sed sint expedita.', 'Illum natus perferendis eaque voluptatum nam. Autem perspiciatis nesciunt nisi et. Ducimus consequatur optio expedita cumque eos voluptatum quo. Nostrum non qui et et autem. Iure est aspernatur accusantium dolorem consequuntur et. Dolorum et velit sint nobis. Laborum voluptatem et nihil et mollitia enim asperiores. Cum itaque consequuntur quibusdam voluptatum nostrum.', 387442470, '1993-09-07 06:13:09', '2006-08-03 00:05:23');
INSERT INTO `posts` (`id`, `user_id`, `community_id`, `head`, `body`, `views_counter`, `created_at`, `updated_at`) VALUES (94, 82, 15, 'Eos nihil consectetur aspernatur eum.', 'Nesciunt reiciendis nam facere illo ut ex blanditiis omnis. Incidunt doloremque autem quia quia perspiciatis est sit. Expedita id tempora dolorem quod veritatis eum dolores. Qui totam soluta voluptate officia odit. Aut voluptas reprehenderit cumque et et corporis ipsa. Delectus ut natus et ea culpa. Velit aut cupiditate laboriosam voluptatem voluptatem unde aut libero. Iste qui pariatur voluptates blanditiis. Expedita nihil quas velit quis nesciunt. Optio ut quo nobis est beatae laboriosam repudiandae. Iure qui omnis fuga et qui.', 56880426, '2008-07-11 00:01:51', '1981-05-09 20:11:33');
INSERT INTO `posts` (`id`, `user_id`, `community_id`, `head`, `body`, `views_counter`, `created_at`, `updated_at`) VALUES (95, 72, 41, 'Et at ipsam est.', 'Voluptas similique dolores totam voluptate. Harum neque autem molestiae velit officia debitis in aliquid. Magnam illum optio et rerum dolores. Sed odit debitis nobis quisquam qui facere laudantium. Commodi quis autem facere voluptatem quia amet modi. Fuga eius quisquam omnis et possimus. Placeat velit sunt voluptas. Inventore suscipit mollitia harum qui perspiciatis quia nemo sint.', 0, '1993-04-30 01:59:20', '2014-07-23 04:14:03');
INSERT INTO `posts` (`id`, `user_id`, `community_id`, `head`, `body`, `views_counter`, `created_at`, `updated_at`) VALUES (96, 70, 54, 'Ullam et inventore sed.', 'Illum iusto consequatur commodi natus voluptatum optio. Repellat eligendi ullam molestias velit est vero. Dolorem voluptas aliquid et in a iure nesciunt. Est nulla omnis soluta et modi alias. Amet voluptatibus corporis aliquid vero et odio. Est quia animi ad ea porro dolorem et. Dignissimos est omnis consequatur hic modi velit accusantium. Est corrupti et quae voluptas ipsam. Beatae deserunt eaque officiis molestiae debitis. Ipsam facere consequatur quidem alias voluptatum vero. At exercitationem quia repellat et ducimus culpa aut cupiditate. Aut vero fuga qui ullam sint dignissimos.', 322465859, '2002-05-11 03:58:18', '1986-10-07 11:40:53');
INSERT INTO `posts` (`id`, `user_id`, `community_id`, `head`, `body`, `views_counter`, `created_at`, `updated_at`) VALUES (97, 65, 46, 'Provident iure soluta.', 'Consequatur itaque rerum dolorum illum excepturi similique. Qui aliquam et recusandae et ipsam sapiente modi. Nam quos maxime debitis esse autem. Quia asperiores aliquid pariatur dolorem. Fugiat id ut dolorem eum ad saepe sint dolores. Ut molestias optio voluptatem tempora debitis. Porro nisi mollitia repellat et vel rem culpa quia. Et debitis est magni. Exercitationem ad possimus perferendis numquam et qui. Blanditiis iure repellat enim dolores corporis. Qui et maxime repellendus vitae optio voluptatem. Excepturi laudantium labore veritatis aut est aspernatur ut.', 44464, '1976-09-27 22:21:24', '2006-11-05 03:29:58');
INSERT INTO `posts` (`id`, `user_id`, `community_id`, `head`, `body`, `views_counter`, `created_at`, `updated_at`) VALUES (98, 75, 43, 'Deleniti error eum unde.', 'Quo accusamus ut expedita repellendus odio eos ea. Neque natus aspernatur vero voluptatem culpa at. Ea dolor qui rem totam provident distinctio ullam. Voluptas nulla occaecati voluptas magni et. Voluptatum deleniti cumque ut. Non esse id expedita harum enim amet numquam. Id ducimus a animi fugiat sint itaque. Id ut non molestiae magnam. Esse hic magnam eligendi veritatis molestias. Aut vero sint suscipit et enim cum distinctio non. Molestiae eveniet aliquam accusamus iusto vel odit adipisci. Sequi deserunt minus vel nihil aliquam non.', 1279, '2015-11-26 17:50:45', '2006-07-31 14:02:46');
INSERT INTO `posts` (`id`, `user_id`, `community_id`, `head`, `body`, `views_counter`, `created_at`, `updated_at`) VALUES (99, 3, 18, 'Rerum minus enim.', 'Veritatis eum eos rem eum nisi quia iusto distinctio. Velit molestiae qui ratione voluptate sed. Explicabo necessitatibus voluptates facere pariatur illo. Et fugit voluptas molestiae et nulla quaerat. Distinctio sed voluptatem quae occaecati. Ut provident id eius eligendi aut a. Ratione illo laboriosam consequuntur nihil voluptatem fugiat.', 819, '1978-08-15 02:23:08', '2005-09-16 21:11:35');
INSERT INTO `posts` (`id`, `user_id`, `community_id`, `head`, `body`, `views_counter`, `created_at`, `updated_at`) VALUES (100, 19, 41, 'Voluptas beatae quo ab.', 'Velit aut nostrum eaque cupiditate ratione. Eaque mollitia incidunt qui voluptatem quisquam. Corporis molestias ut ullam quidem earum illo. Voluptatem id quod et est quia asperiores. Quia eos qui ipsum. Incidunt et dolorem deleniti odio vitae dolor quam. Iure blanditiis tenetur non animi voluptas. Magnam qui dolores ut voluptatem cupiditate. Qui sequi omnis soluta omnis. Magni sed dignissimos tempore excepturi reiciendis voluptatem.', 127540558, '2018-08-01 13:33:34', '2000-02-18 06:02:44');


#
# TABLE STRUCTURE FOR: ratings
#

DROP TABLE IF EXISTS `ratings`;

CREATE TABLE `ratings` (
  `target_id` int(10) unsigned NOT NULL COMMENT 'Ссылка на объект, которому начисляется рейтинг',
  `target_type_id` int(10) unsigned NOT NULL COMMENT 'Тип объекта, которому начисляется рейтинг',
  `rating_value` bigint(20) NOT NULL DEFAULT 0 COMMENT 'Значения рейтинга объекта',
  `created_at` datetime DEFAULT current_timestamp() COMMENT 'Время создания строки',
  `updated_at` datetime DEFAULT current_timestamp() ON UPDATE current_timestamp() COMMENT 'Время обновления строки'
) ENGINE=InnoDB DEFAULT CHARSET=utf8 COLLATE=utf8_unicode_ci COMMENT='Рейтинги';

INSERT INTO `ratings` (`target_id`, `target_type_id`, `rating_value`, `created_at`, `updated_at`) VALUES (36, 2, '67', '1991-05-14 13:09:58', '1990-08-09 04:13:44');
INSERT INTO `ratings` (`target_id`, `target_type_id`, `rating_value`, `created_at`, `updated_at`) VALUES (16, 2, '36747948', '1990-05-20 13:25:12', '2010-05-17 09:47:14');
INSERT INTO `ratings` (`target_id`, `target_type_id`, `rating_value`, `created_at`, `updated_at`) VALUES (59, 2, '6', '1985-05-22 02:45:38', '1999-04-29 14:10:08');
INSERT INTO `ratings` (`target_id`, `target_type_id`, `rating_value`, `created_at`, `updated_at`) VALUES (99, 2, '1954', '1974-02-13 09:23:47', '1986-08-12 01:31:45');
INSERT INTO `ratings` (`target_id`, `target_type_id`, `rating_value`, `created_at`, `updated_at`) VALUES (40, 3, '2', '1990-11-10 21:41:59', '1996-10-18 15:25:05');
INSERT INTO `ratings` (`target_id`, `target_type_id`, `rating_value`, `created_at`, `updated_at`) VALUES (45, 3, '0', '1991-09-25 19:12:31', '1986-08-04 07:16:12');
INSERT INTO `ratings` (`target_id`, `target_type_id`, `rating_value`, `created_at`, `updated_at`) VALUES (45, 3, '252', '2009-12-21 04:15:14', '1982-03-07 09:45:11');
INSERT INTO `ratings` (`target_id`, `target_type_id`, `rating_value`, `created_at`, `updated_at`) VALUES (4, 3, '134534769', '1974-02-10 07:34:28', '1983-06-17 00:03:48');
INSERT INTO `ratings` (`target_id`, `target_type_id`, `rating_value`, `created_at`, `updated_at`) VALUES (9, 1, '522698690', '2006-07-06 22:43:03', '1980-08-29 23:00:16');
INSERT INTO `ratings` (`target_id`, `target_type_id`, `rating_value`, `created_at`, `updated_at`) VALUES (17, 1, '3', '2013-09-05 07:16:55', '2010-12-10 05:57:01');
INSERT INTO `ratings` (`target_id`, `target_type_id`, `rating_value`, `created_at`, `updated_at`) VALUES (100, 2, '773', '1990-03-10 14:46:31', '1974-04-21 14:34:31');
INSERT INTO `ratings` (`target_id`, `target_type_id`, `rating_value`, `created_at`, `updated_at`) VALUES (49, 2, '327528', '1994-10-14 08:48:12', '1984-10-17 02:50:54');
INSERT INTO `ratings` (`target_id`, `target_type_id`, `rating_value`, `created_at`, `updated_at`) VALUES (17, 3, '1435', '2019-01-27 01:35:35', '2020-01-17 08:27:09');
INSERT INTO `ratings` (`target_id`, `target_type_id`, `rating_value`, `created_at`, `updated_at`) VALUES (92, 1, '50008', '2007-08-27 12:46:37', '2008-11-07 16:53:09');
INSERT INTO `ratings` (`target_id`, `target_type_id`, `rating_value`, `created_at`, `updated_at`) VALUES (41, 2, '800246526', '1982-10-15 17:51:31', '2011-01-30 18:00:51');
INSERT INTO `ratings` (`target_id`, `target_type_id`, `rating_value`, `created_at`, `updated_at`) VALUES (62, 2, '1', '2007-05-27 03:13:15', '1977-11-15 09:45:50');
INSERT INTO `ratings` (`target_id`, `target_type_id`, `rating_value`, `created_at`, `updated_at`) VALUES (19, 1, '97283354', '1973-03-04 00:13:23', '1982-08-07 23:13:02');
INSERT INTO `ratings` (`target_id`, `target_type_id`, `rating_value`, `created_at`, `updated_at`) VALUES (72, 1, '2840', '1984-10-01 21:53:30', '1985-03-01 21:57:39');
INSERT INTO `ratings` (`target_id`, `target_type_id`, `rating_value`, `created_at`, `updated_at`) VALUES (75, 2, '0', '1976-02-09 04:48:51', '1977-12-15 06:54:14');
INSERT INTO `ratings` (`target_id`, `target_type_id`, `rating_value`, `created_at`, `updated_at`) VALUES (82, 2, '310389', '1990-11-20 16:16:00', '1987-07-10 00:54:18');
INSERT INTO `ratings` (`target_id`, `target_type_id`, `rating_value`, `created_at`, `updated_at`) VALUES (73, 2, '530274', '1973-08-27 22:21:49', '2000-06-24 22:31:38');
INSERT INTO `ratings` (`target_id`, `target_type_id`, `rating_value`, `created_at`, `updated_at`) VALUES (70, 1, '0', '1976-09-22 03:49:14', '1981-05-09 10:08:43');
INSERT INTO `ratings` (`target_id`, `target_type_id`, `rating_value`, `created_at`, `updated_at`) VALUES (65, 2, '6623', '1996-05-29 15:19:54', '1998-09-27 10:28:20');
INSERT INTO `ratings` (`target_id`, `target_type_id`, `rating_value`, `created_at`, `updated_at`) VALUES (25, 3, '52', '2014-04-04 15:45:14', '1974-11-20 12:37:07');
INSERT INTO `ratings` (`target_id`, `target_type_id`, `rating_value`, `created_at`, `updated_at`) VALUES (53, 1, '4564', '1982-01-07 03:29:16', '2003-01-16 06:03:37');
INSERT INTO `ratings` (`target_id`, `target_type_id`, `rating_value`, `created_at`, `updated_at`) VALUES (12, 2, '27', '1973-11-20 04:01:10', '2017-09-08 15:54:02');
INSERT INTO `ratings` (`target_id`, `target_type_id`, `rating_value`, `created_at`, `updated_at`) VALUES (71, 1, '12511', '1989-05-25 22:08:38', '1983-10-18 19:03:43');
INSERT INTO `ratings` (`target_id`, `target_type_id`, `rating_value`, `created_at`, `updated_at`) VALUES (64, 3, '362', '1989-09-22 13:06:29', '2010-03-21 22:12:47');
INSERT INTO `ratings` (`target_id`, `target_type_id`, `rating_value`, `created_at`, `updated_at`) VALUES (48, 3, '420879938', '2006-12-02 22:40:25', '1983-10-06 19:54:04');
INSERT INTO `ratings` (`target_id`, `target_type_id`, `rating_value`, `created_at`, `updated_at`) VALUES (46, 3, '230', '2011-12-12 23:37:16', '1988-05-29 20:48:23');
INSERT INTO `ratings` (`target_id`, `target_type_id`, `rating_value`, `created_at`, `updated_at`) VALUES (98, 2, '13', '1981-01-28 08:31:37', '1979-12-22 21:54:11');
INSERT INTO `ratings` (`target_id`, `target_type_id`, `rating_value`, `created_at`, `updated_at`) VALUES (15, 2, '967583618', '2008-04-08 08:15:50', '2013-08-05 18:03:12');
INSERT INTO `ratings` (`target_id`, `target_type_id`, `rating_value`, `created_at`, `updated_at`) VALUES (33, 2, '600', '1976-04-01 08:57:15', '1992-02-25 16:29:32');
INSERT INTO `ratings` (`target_id`, `target_type_id`, `rating_value`, `created_at`, `updated_at`) VALUES (41, 3, '50423', '2005-11-08 01:32:16', '2013-09-12 23:11:07');
INSERT INTO `ratings` (`target_id`, `target_type_id`, `rating_value`, `created_at`, `updated_at`) VALUES (47, 1, '23265', '1997-09-22 11:19:16', '2011-05-13 22:17:29');
INSERT INTO `ratings` (`target_id`, `target_type_id`, `rating_value`, `created_at`, `updated_at`) VALUES (6, 3, '75', '2006-02-07 19:14:59', '1994-04-19 12:01:43');
INSERT INTO `ratings` (`target_id`, `target_type_id`, `rating_value`, `created_at`, `updated_at`) VALUES (4, 1, '0', '2004-09-11 18:56:36', '2016-01-31 10:05:38');
INSERT INTO `ratings` (`target_id`, `target_type_id`, `rating_value`, `created_at`, `updated_at`) VALUES (12, 1, '32997681', '2018-07-15 18:30:29', '1992-07-20 02:32:24');
INSERT INTO `ratings` (`target_id`, `target_type_id`, `rating_value`, `created_at`, `updated_at`) VALUES (54, 2, '330370088', '2004-12-23 05:39:48', '1984-03-27 09:15:32');
INSERT INTO `ratings` (`target_id`, `target_type_id`, `rating_value`, `created_at`, `updated_at`) VALUES (60, 1, '67505627', '1982-09-21 23:29:55', '1989-07-28 20:53:25');
INSERT INTO `ratings` (`target_id`, `target_type_id`, `rating_value`, `created_at`, `updated_at`) VALUES (29, 3, '732', '1998-07-28 11:34:43', '1979-12-29 14:21:28');
INSERT INTO `ratings` (`target_id`, `target_type_id`, `rating_value`, `created_at`, `updated_at`) VALUES (100, 1, '76413', '1987-12-19 13:05:03', '1995-01-07 21:46:32');
INSERT INTO `ratings` (`target_id`, `target_type_id`, `rating_value`, `created_at`, `updated_at`) VALUES (44, 3, '4', '1977-03-09 11:13:06', '1975-11-09 17:12:33');
INSERT INTO `ratings` (`target_id`, `target_type_id`, `rating_value`, `created_at`, `updated_at`) VALUES (26, 2, '43674511', '1993-02-15 13:06:56', '1989-08-27 00:57:34');
INSERT INTO `ratings` (`target_id`, `target_type_id`, `rating_value`, `created_at`, `updated_at`) VALUES (9, 3, '1868', '1991-06-21 10:20:38', '2013-01-05 01:46:35');
INSERT INTO `ratings` (`target_id`, `target_type_id`, `rating_value`, `created_at`, `updated_at`) VALUES (23, 1, '6885659', '1995-07-11 01:54:17', '2004-01-06 16:20:18');
INSERT INTO `ratings` (`target_id`, `target_type_id`, `rating_value`, `created_at`, `updated_at`) VALUES (63, 1, '111804', '1993-06-24 07:19:02', '2012-08-19 19:39:33');
INSERT INTO `ratings` (`target_id`, `target_type_id`, `rating_value`, `created_at`, `updated_at`) VALUES (32, 1, '35', '2004-01-28 05:44:36', '1985-08-18 08:58:36');
INSERT INTO `ratings` (`target_id`, `target_type_id`, `rating_value`, `created_at`, `updated_at`) VALUES (11, 2, '5', '2000-08-22 09:32:51', '1977-01-24 07:51:55');
INSERT INTO `ratings` (`target_id`, `target_type_id`, `rating_value`, `created_at`, `updated_at`) VALUES (37, 3, '80130', '1993-10-28 03:25:46', '1978-12-23 19:10:31');
INSERT INTO `ratings` (`target_id`, `target_type_id`, `rating_value`, `created_at`, `updated_at`) VALUES (85, 1, '7', '1989-06-21 14:12:20', '1997-07-06 16:09:40');
INSERT INTO `ratings` (`target_id`, `target_type_id`, `rating_value`, `created_at`, `updated_at`) VALUES (45, 3, '4', '1981-10-05 21:42:16', '1985-12-18 23:06:59');
INSERT INTO `ratings` (`target_id`, `target_type_id`, `rating_value`, `created_at`, `updated_at`) VALUES (51, 1, '850981116', '1999-03-21 09:50:46', '1973-07-31 11:03:49');
INSERT INTO `ratings` (`target_id`, `target_type_id`, `rating_value`, `created_at`, `updated_at`) VALUES (34, 2, '525692704', '1993-09-24 19:50:02', '1971-03-27 09:05:14');
INSERT INTO `ratings` (`target_id`, `target_type_id`, `rating_value`, `created_at`, `updated_at`) VALUES (72, 2, '2477609', '1997-02-12 14:19:59', '1998-10-05 09:23:01');
INSERT INTO `ratings` (`target_id`, `target_type_id`, `rating_value`, `created_at`, `updated_at`) VALUES (11, 3, '52678659', '2007-12-13 22:36:54', '2007-12-21 20:11:13');
INSERT INTO `ratings` (`target_id`, `target_type_id`, `rating_value`, `created_at`, `updated_at`) VALUES (81, 3, '77', '1970-06-26 10:59:01', '1990-02-18 14:49:37');
INSERT INTO `ratings` (`target_id`, `target_type_id`, `rating_value`, `created_at`, `updated_at`) VALUES (36, 1, '605', '1975-11-10 05:45:16', '1999-01-10 22:16:01');
INSERT INTO `ratings` (`target_id`, `target_type_id`, `rating_value`, `created_at`, `updated_at`) VALUES (18, 3, '143527', '1976-06-04 14:09:30', '1981-04-05 21:14:48');
INSERT INTO `ratings` (`target_id`, `target_type_id`, `rating_value`, `created_at`, `updated_at`) VALUES (35, 2, '27', '2010-10-02 10:40:24', '2009-02-18 09:23:54');
INSERT INTO `ratings` (`target_id`, `target_type_id`, `rating_value`, `created_at`, `updated_at`) VALUES (92, 2, '884578496', '1973-07-05 01:45:10', '2011-10-22 15:33:14');
INSERT INTO `ratings` (`target_id`, `target_type_id`, `rating_value`, `created_at`, `updated_at`) VALUES (78, 2, '70603', '2011-11-02 23:08:04', '2001-11-08 13:51:05');
INSERT INTO `ratings` (`target_id`, `target_type_id`, `rating_value`, `created_at`, `updated_at`) VALUES (2, 3, '29613829', '2018-08-02 04:28:58', '1990-01-07 11:01:21');
INSERT INTO `ratings` (`target_id`, `target_type_id`, `rating_value`, `created_at`, `updated_at`) VALUES (36, 3, '1361', '2012-11-20 02:48:15', '2011-08-19 17:42:10');
INSERT INTO `ratings` (`target_id`, `target_type_id`, `rating_value`, `created_at`, `updated_at`) VALUES (48, 2, '34074', '2007-09-13 04:53:11', '2006-03-18 00:54:38');
INSERT INTO `ratings` (`target_id`, `target_type_id`, `rating_value`, `created_at`, `updated_at`) VALUES (12, 1, '0', '1971-01-12 17:18:35', '2013-12-12 12:51:29');
INSERT INTO `ratings` (`target_id`, `target_type_id`, `rating_value`, `created_at`, `updated_at`) VALUES (76, 2, '4', '1970-05-06 09:26:21', '2004-06-22 07:17:16');
INSERT INTO `ratings` (`target_id`, `target_type_id`, `rating_value`, `created_at`, `updated_at`) VALUES (48, 3, '2496', '2007-11-13 07:25:53', '1971-10-24 19:22:17');
INSERT INTO `ratings` (`target_id`, `target_type_id`, `rating_value`, `created_at`, `updated_at`) VALUES (10, 1, '0', '1979-07-27 06:18:30', '2019-06-06 01:31:33');
INSERT INTO `ratings` (`target_id`, `target_type_id`, `rating_value`, `created_at`, `updated_at`) VALUES (33, 3, '2762163', '2004-03-01 06:49:40', '1981-12-30 20:03:27');
INSERT INTO `ratings` (`target_id`, `target_type_id`, `rating_value`, `created_at`, `updated_at`) VALUES (22, 3, '9156543', '2004-11-20 05:35:43', '1990-12-27 11:06:25');
INSERT INTO `ratings` (`target_id`, `target_type_id`, `rating_value`, `created_at`, `updated_at`) VALUES (32, 1, '3315', '2003-09-22 05:35:58', '1974-04-20 18:08:42');
INSERT INTO `ratings` (`target_id`, `target_type_id`, `rating_value`, `created_at`, `updated_at`) VALUES (84, 2, '47124299', '2006-02-28 05:19:42', '2005-02-10 02:04:25');
INSERT INTO `ratings` (`target_id`, `target_type_id`, `rating_value`, `created_at`, `updated_at`) VALUES (71, 3, '0', '1994-06-09 15:39:33', '2002-01-18 22:25:39');
INSERT INTO `ratings` (`target_id`, `target_type_id`, `rating_value`, `created_at`, `updated_at`) VALUES (32, 3, '0', '1973-01-08 19:55:28', '2006-02-06 01:11:54');
INSERT INTO `ratings` (`target_id`, `target_type_id`, `rating_value`, `created_at`, `updated_at`) VALUES (71, 1, '156', '1973-03-02 22:17:49', '2011-03-16 10:44:31');
INSERT INTO `ratings` (`target_id`, `target_type_id`, `rating_value`, `created_at`, `updated_at`) VALUES (17, 3, '23999', '1977-08-06 17:19:57', '2012-06-19 14:46:09');
INSERT INTO `ratings` (`target_id`, `target_type_id`, `rating_value`, `created_at`, `updated_at`) VALUES (4, 3, '5', '2002-12-03 18:51:41', '2011-08-16 16:32:37');
INSERT INTO `ratings` (`target_id`, `target_type_id`, `rating_value`, `created_at`, `updated_at`) VALUES (66, 3, '980295', '2006-02-22 07:20:36', '2000-02-03 18:55:06');
INSERT INTO `ratings` (`target_id`, `target_type_id`, `rating_value`, `created_at`, `updated_at`) VALUES (64, 2, '8926368', '1971-03-22 12:46:13', '1970-04-30 18:01:39');
INSERT INTO `ratings` (`target_id`, `target_type_id`, `rating_value`, `created_at`, `updated_at`) VALUES (43, 3, '18', '2009-03-15 05:44:17', '2013-06-01 05:17:24');
INSERT INTO `ratings` (`target_id`, `target_type_id`, `rating_value`, `created_at`, `updated_at`) VALUES (72, 3, '839', '2014-10-10 06:42:39', '2011-12-17 03:27:49');
INSERT INTO `ratings` (`target_id`, `target_type_id`, `rating_value`, `created_at`, `updated_at`) VALUES (55, 1, '6', '2013-05-22 17:42:17', '1979-01-02 05:09:52');
INSERT INTO `ratings` (`target_id`, `target_type_id`, `rating_value`, `created_at`, `updated_at`) VALUES (88, 2, '5', '2005-09-28 08:39:30', '2010-10-08 18:55:30');
INSERT INTO `ratings` (`target_id`, `target_type_id`, `rating_value`, `created_at`, `updated_at`) VALUES (51, 3, '4451787', '2008-09-15 18:19:33', '2005-04-18 19:30:28');
INSERT INTO `ratings` (`target_id`, `target_type_id`, `rating_value`, `created_at`, `updated_at`) VALUES (21, 2, '0', '1994-08-11 21:46:55', '1970-02-21 15:00:47');
INSERT INTO `ratings` (`target_id`, `target_type_id`, `rating_value`, `created_at`, `updated_at`) VALUES (25, 1, '1277960', '1972-08-25 09:09:04', '1971-09-27 23:55:40');
INSERT INTO `ratings` (`target_id`, `target_type_id`, `rating_value`, `created_at`, `updated_at`) VALUES (31, 2, '42090430', '2012-05-05 06:53:36', '1982-04-11 05:41:40');
INSERT INTO `ratings` (`target_id`, `target_type_id`, `rating_value`, `created_at`, `updated_at`) VALUES (19, 2, '7', '1997-12-09 21:48:57', '2009-09-23 06:38:06');
INSERT INTO `ratings` (`target_id`, `target_type_id`, `rating_value`, `created_at`, `updated_at`) VALUES (7, 2, '58741', '2017-03-13 21:54:27', '2012-01-27 13:16:02');
INSERT INTO `ratings` (`target_id`, `target_type_id`, `rating_value`, `created_at`, `updated_at`) VALUES (20, 1, '6', '1992-06-12 10:41:09', '1970-08-15 01:16:56');
INSERT INTO `ratings` (`target_id`, `target_type_id`, `rating_value`, `created_at`, `updated_at`) VALUES (64, 1, '661', '1990-02-28 15:49:24', '2001-07-10 09:29:17');
INSERT INTO `ratings` (`target_id`, `target_type_id`, `rating_value`, `created_at`, `updated_at`) VALUES (45, 2, '6936480', '1985-06-11 23:42:16', '2010-08-17 17:53:27');
INSERT INTO `ratings` (`target_id`, `target_type_id`, `rating_value`, `created_at`, `updated_at`) VALUES (7, 3, '6578', '1974-01-25 00:26:44', '2001-07-07 13:07:31');
INSERT INTO `ratings` (`target_id`, `target_type_id`, `rating_value`, `created_at`, `updated_at`) VALUES (94, 2, '9488', '2019-10-19 03:40:44', '2002-08-15 15:23:31');
INSERT INTO `ratings` (`target_id`, `target_type_id`, `rating_value`, `created_at`, `updated_at`) VALUES (26, 1, '0', '2007-09-17 05:49:24', '2003-11-18 16:04:01');
INSERT INTO `ratings` (`target_id`, `target_type_id`, `rating_value`, `created_at`, `updated_at`) VALUES (2, 1, '4692', '2008-01-28 01:13:39', '2017-05-11 03:09:51');
INSERT INTO `ratings` (`target_id`, `target_type_id`, `rating_value`, `created_at`, `updated_at`) VALUES (91, 1, '32', '1971-05-08 14:02:59', '2013-01-14 01:56:29');
INSERT INTO `ratings` (`target_id`, `target_type_id`, `rating_value`, `created_at`, `updated_at`) VALUES (2, 2, '69078', '2015-12-28 17:58:53', '2002-10-01 16:46:06');
INSERT INTO `ratings` (`target_id`, `target_type_id`, `rating_value`, `created_at`, `updated_at`) VALUES (80, 1, '23462', '2017-09-25 13:37:35', '1999-12-13 14:42:16');


#
# TABLE STRUCTURE FOR: subscribes
#

DROP TABLE IF EXISTS `subscribes`;

CREATE TABLE `subscribes` (
  `id` int(10) unsigned NOT NULL AUTO_INCREMENT COMMENT 'Идентификатор сроки',
  `user_id` int(10) unsigned NOT NULL COMMENT 'Ссылка на пользователя, оформившего подписку',
  `target_id` int(10) unsigned NOT NULL COMMENT 'Ссылка на объект, на который оформляется подписка',
  `target_type_id` int(10) unsigned NOT NULL COMMENT 'Тип  объекта, на который оформляется подписка',
  `created_at` datetime DEFAULT current_timestamp() COMMENT 'Время создания строки',
  `updated_at` datetime DEFAULT current_timestamp() ON UPDATE current_timestamp() COMMENT 'Время обновления строки',
  PRIMARY KEY (`id`)
) ENGINE=InnoDB AUTO_INCREMENT=101 DEFAULT CHARSET=utf8 COLLATE=utf8_unicode_ci COMMENT='Подписки';

INSERT INTO `subscribes` (`id`, `user_id`, `target_id`, `target_type_id`, `created_at`, `updated_at`) VALUES (1, 1, 58, 1, '1983-04-08 19:47:43', '2003-09-02 21:21:21');
INSERT INTO `subscribes` (`id`, `user_id`, `target_id`, `target_type_id`, `created_at`, `updated_at`) VALUES (2, 2, 82, 1, '1981-02-13 22:48:19', '1977-05-09 01:44:37');
INSERT INTO `subscribes` (`id`, `user_id`, `target_id`, `target_type_id`, `created_at`, `updated_at`) VALUES (3, 3, 33, 1, '1994-10-09 16:16:24', '1985-02-01 01:49:25');
INSERT INTO `subscribes` (`id`, `user_id`, `target_id`, `target_type_id`, `created_at`, `updated_at`) VALUES (4, 4, 70, 1, '1984-11-24 10:45:10', '1996-09-05 01:04:18');
INSERT INTO `subscribes` (`id`, `user_id`, `target_id`, `target_type_id`, `created_at`, `updated_at`) VALUES (5, 5, 20, 4, '1981-01-24 10:53:06', '1974-12-22 11:26:19');
INSERT INTO `subscribes` (`id`, `user_id`, `target_id`, `target_type_id`, `created_at`, `updated_at`) VALUES (6, 6, 10, 4, '1987-07-30 15:06:42', '1981-02-21 22:25:38');
INSERT INTO `subscribes` (`id`, `user_id`, `target_id`, `target_type_id`, `created_at`, `updated_at`) VALUES (7, 7, 100, 4, '2004-05-30 02:24:52', '1978-06-14 00:41:17');
INSERT INTO `subscribes` (`id`, `user_id`, `target_id`, `target_type_id`, `created_at`, `updated_at`) VALUES (8, 8, 80, 4, '1988-12-03 10:29:21', '1991-11-09 13:50:20');
INSERT INTO `subscribes` (`id`, `user_id`, `target_id`, `target_type_id`, `created_at`, `updated_at`) VALUES (9, 9, 72, 4, '1982-07-01 04:25:04', '2012-02-25 14:14:33');
INSERT INTO `subscribes` (`id`, `user_id`, `target_id`, `target_type_id`, `created_at`, `updated_at`) VALUES (10, 10, 33, 4, '1984-11-03 21:40:30', '1981-01-30 12:45:19');
INSERT INTO `subscribes` (`id`, `user_id`, `target_id`, `target_type_id`, `created_at`, `updated_at`) VALUES (11, 11, 52, 4, '2014-05-06 07:22:05', '1981-01-27 15:17:28');
INSERT INTO `subscribes` (`id`, `user_id`, `target_id`, `target_type_id`, `created_at`, `updated_at`) VALUES (12, 12, 14, 1, '1994-03-10 01:03:03', '2003-02-27 02:14:01');
INSERT INTO `subscribes` (`id`, `user_id`, `target_id`, `target_type_id`, `created_at`, `updated_at`) VALUES (13, 13, 53, 1, '2015-12-14 14:41:14', '2011-11-18 06:30:47');
INSERT INTO `subscribes` (`id`, `user_id`, `target_id`, `target_type_id`, `created_at`, `updated_at`) VALUES (14, 14, 6, 4, '1971-10-13 04:07:09', '1996-03-19 09:00:29');
INSERT INTO `subscribes` (`id`, `user_id`, `target_id`, `target_type_id`, `created_at`, `updated_at`) VALUES (15, 15, 77, 4, '2013-08-27 19:10:10', '1991-01-12 02:48:49');
INSERT INTO `subscribes` (`id`, `user_id`, `target_id`, `target_type_id`, `created_at`, `updated_at`) VALUES (16, 16, 90, 4, '2006-12-12 08:36:24', '2002-03-27 13:00:53');
INSERT INTO `subscribes` (`id`, `user_id`, `target_id`, `target_type_id`, `created_at`, `updated_at`) VALUES (17, 17, 59, 1, '2008-04-17 01:33:02', '1997-09-04 03:42:40');
INSERT INTO `subscribes` (`id`, `user_id`, `target_id`, `target_type_id`, `created_at`, `updated_at`) VALUES (18, 18, 90, 1, '1982-08-16 09:43:29', '2008-11-09 18:31:06');
INSERT INTO `subscribes` (`id`, `user_id`, `target_id`, `target_type_id`, `created_at`, `updated_at`) VALUES (19, 19, 55, 1, '1986-03-02 15:33:38', '1998-12-10 13:46:18');
INSERT INTO `subscribes` (`id`, `user_id`, `target_id`, `target_type_id`, `created_at`, `updated_at`) VALUES (20, 20, 89, 1, '1983-11-06 19:10:58', '2003-02-18 03:49:47');
INSERT INTO `subscribes` (`id`, `user_id`, `target_id`, `target_type_id`, `created_at`, `updated_at`) VALUES (21, 21, 1, 1, '2018-03-13 23:31:41', '2011-07-21 18:43:14');
INSERT INTO `subscribes` (`id`, `user_id`, `target_id`, `target_type_id`, `created_at`, `updated_at`) VALUES (22, 22, 16, 1, '2014-01-10 02:28:47', '1999-12-03 06:11:59');
INSERT INTO `subscribes` (`id`, `user_id`, `target_id`, `target_type_id`, `created_at`, `updated_at`) VALUES (23, 23, 55, 4, '1971-04-25 05:53:43', '1973-01-20 07:08:49');
INSERT INTO `subscribes` (`id`, `user_id`, `target_id`, `target_type_id`, `created_at`, `updated_at`) VALUES (24, 24, 49, 1, '1989-07-23 18:59:23', '1973-05-21 20:10:44');
INSERT INTO `subscribes` (`id`, `user_id`, `target_id`, `target_type_id`, `created_at`, `updated_at`) VALUES (25, 25, 10, 4, '1973-03-28 01:28:20', '1982-07-05 01:26:24');
INSERT INTO `subscribes` (`id`, `user_id`, `target_id`, `target_type_id`, `created_at`, `updated_at`) VALUES (26, 26, 78, 1, '2009-03-25 17:06:36', '1975-10-19 03:15:18');
INSERT INTO `subscribes` (`id`, `user_id`, `target_id`, `target_type_id`, `created_at`, `updated_at`) VALUES (27, 27, 46, 1, '1993-10-26 22:01:47', '2002-11-26 07:29:16');
INSERT INTO `subscribes` (`id`, `user_id`, `target_id`, `target_type_id`, `created_at`, `updated_at`) VALUES (28, 28, 48, 4, '1991-04-09 05:18:01', '2018-07-31 02:38:51');
INSERT INTO `subscribes` (`id`, `user_id`, `target_id`, `target_type_id`, `created_at`, `updated_at`) VALUES (29, 29, 2, 1, '1984-01-29 03:10:21', '2006-09-25 04:02:57');
INSERT INTO `subscribes` (`id`, `user_id`, `target_id`, `target_type_id`, `created_at`, `updated_at`) VALUES (30, 30, 73, 4, '2002-06-26 08:42:41', '2002-01-04 21:02:16');
INSERT INTO `subscribes` (`id`, `user_id`, `target_id`, `target_type_id`, `created_at`, `updated_at`) VALUES (31, 31, 39, 1, '2006-08-03 16:33:23', '1992-10-19 23:46:41');
INSERT INTO `subscribes` (`id`, `user_id`, `target_id`, `target_type_id`, `created_at`, `updated_at`) VALUES (32, 32, 78, 4, '1989-06-15 10:14:12', '1997-03-22 03:01:23');
INSERT INTO `subscribes` (`id`, `user_id`, `target_id`, `target_type_id`, `created_at`, `updated_at`) VALUES (33, 33, 13, 1, '2017-12-21 08:22:10', '1995-02-01 02:42:09');
INSERT INTO `subscribes` (`id`, `user_id`, `target_id`, `target_type_id`, `created_at`, `updated_at`) VALUES (34, 34, 77, 4, '2007-09-26 09:58:51', '1975-10-28 21:13:49');
INSERT INTO `subscribes` (`id`, `user_id`, `target_id`, `target_type_id`, `created_at`, `updated_at`) VALUES (35, 35, 12, 1, '1970-05-12 22:52:43', '1979-09-15 21:22:52');
INSERT INTO `subscribes` (`id`, `user_id`, `target_id`, `target_type_id`, `created_at`, `updated_at`) VALUES (36, 36, 15, 1, '1994-05-05 13:23:21', '1989-08-13 01:11:07');
INSERT INTO `subscribes` (`id`, `user_id`, `target_id`, `target_type_id`, `created_at`, `updated_at`) VALUES (37, 37, 25, 4, '1974-06-13 16:04:41', '1973-06-06 00:31:47');
INSERT INTO `subscribes` (`id`, `user_id`, `target_id`, `target_type_id`, `created_at`, `updated_at`) VALUES (38, 38, 8, 1, '2005-03-28 00:15:40', '1991-11-11 17:48:09');
INSERT INTO `subscribes` (`id`, `user_id`, `target_id`, `target_type_id`, `created_at`, `updated_at`) VALUES (39, 39, 47, 4, '2014-06-11 04:51:08', '2006-05-05 14:04:11');
INSERT INTO `subscribes` (`id`, `user_id`, `target_id`, `target_type_id`, `created_at`, `updated_at`) VALUES (40, 40, 36, 1, '1973-12-13 19:09:21', '2004-09-22 21:08:38');
INSERT INTO `subscribes` (`id`, `user_id`, `target_id`, `target_type_id`, `created_at`, `updated_at`) VALUES (41, 41, 40, 4, '1988-02-15 18:36:13', '1995-03-24 05:21:26');
INSERT INTO `subscribes` (`id`, `user_id`, `target_id`, `target_type_id`, `created_at`, `updated_at`) VALUES (42, 42, 84, 4, '1984-02-15 12:40:08', '1993-09-27 06:50:30');
INSERT INTO `subscribes` (`id`, `user_id`, `target_id`, `target_type_id`, `created_at`, `updated_at`) VALUES (43, 43, 86, 4, '2017-06-23 07:45:02', '1970-06-12 09:45:03');
INSERT INTO `subscribes` (`id`, `user_id`, `target_id`, `target_type_id`, `created_at`, `updated_at`) VALUES (44, 44, 3, 4, '1995-06-02 21:16:55', '2008-08-22 18:09:53');
INSERT INTO `subscribes` (`id`, `user_id`, `target_id`, `target_type_id`, `created_at`, `updated_at`) VALUES (45, 45, 30, 1, '1972-05-28 16:34:08', '2004-10-23 11:18:29');
INSERT INTO `subscribes` (`id`, `user_id`, `target_id`, `target_type_id`, `created_at`, `updated_at`) VALUES (46, 46, 11, 1, '1992-02-19 08:20:43', '1991-01-23 14:00:25');
INSERT INTO `subscribes` (`id`, `user_id`, `target_id`, `target_type_id`, `created_at`, `updated_at`) VALUES (47, 47, 51, 4, '2001-04-06 13:16:44', '2012-03-30 14:46:24');
INSERT INTO `subscribes` (`id`, `user_id`, `target_id`, `target_type_id`, `created_at`, `updated_at`) VALUES (48, 48, 13, 1, '2001-12-25 18:19:47', '1976-07-23 15:57:44');
INSERT INTO `subscribes` (`id`, `user_id`, `target_id`, `target_type_id`, `created_at`, `updated_at`) VALUES (49, 49, 65, 4, '2011-01-21 17:27:30', '1971-07-28 22:20:33');
INSERT INTO `subscribes` (`id`, `user_id`, `target_id`, `target_type_id`, `created_at`, `updated_at`) VALUES (50, 50, 1, 4, '2001-08-23 04:49:40', '2009-02-12 02:27:23');
INSERT INTO `subscribes` (`id`, `user_id`, `target_id`, `target_type_id`, `created_at`, `updated_at`) VALUES (51, 51, 45, 4, '1976-08-07 20:39:06', '2008-07-23 19:24:22');
INSERT INTO `subscribes` (`id`, `user_id`, `target_id`, `target_type_id`, `created_at`, `updated_at`) VALUES (52, 52, 87, 4, '2012-11-21 11:51:46', '1994-11-17 12:25:44');
INSERT INTO `subscribes` (`id`, `user_id`, `target_id`, `target_type_id`, `created_at`, `updated_at`) VALUES (53, 53, 68, 4, '2017-06-10 04:15:12', '1992-12-12 01:03:40');
INSERT INTO `subscribes` (`id`, `user_id`, `target_id`, `target_type_id`, `created_at`, `updated_at`) VALUES (54, 54, 83, 1, '2005-01-12 03:03:40', '2004-01-28 03:44:17');
INSERT INTO `subscribes` (`id`, `user_id`, `target_id`, `target_type_id`, `created_at`, `updated_at`) VALUES (55, 55, 7, 4, '1992-10-12 00:37:20', '1993-07-06 16:59:23');
INSERT INTO `subscribes` (`id`, `user_id`, `target_id`, `target_type_id`, `created_at`, `updated_at`) VALUES (56, 56, 27, 1, '1997-10-27 06:53:11', '1994-11-17 11:46:24');
INSERT INTO `subscribes` (`id`, `user_id`, `target_id`, `target_type_id`, `created_at`, `updated_at`) VALUES (57, 57, 19, 4, '1997-05-06 04:44:31', '1973-01-11 03:52:17');
INSERT INTO `subscribes` (`id`, `user_id`, `target_id`, `target_type_id`, `created_at`, `updated_at`) VALUES (58, 58, 18, 1, '1977-04-14 19:06:34', '1978-10-02 03:35:24');
INSERT INTO `subscribes` (`id`, `user_id`, `target_id`, `target_type_id`, `created_at`, `updated_at`) VALUES (59, 59, 45, 1, '2008-03-31 00:04:32', '1989-12-28 15:43:21');
INSERT INTO `subscribes` (`id`, `user_id`, `target_id`, `target_type_id`, `created_at`, `updated_at`) VALUES (60, 60, 19, 1, '2005-10-29 08:53:11', '1987-11-30 00:36:12');
INSERT INTO `subscribes` (`id`, `user_id`, `target_id`, `target_type_id`, `created_at`, `updated_at`) VALUES (61, 61, 67, 4, '2016-07-19 12:16:32', '2014-05-20 20:48:12');
INSERT INTO `subscribes` (`id`, `user_id`, `target_id`, `target_type_id`, `created_at`, `updated_at`) VALUES (62, 62, 47, 4, '2006-05-23 02:11:57', '1987-02-14 07:05:55');
INSERT INTO `subscribes` (`id`, `user_id`, `target_id`, `target_type_id`, `created_at`, `updated_at`) VALUES (63, 63, 92, 4, '1971-09-16 00:08:32', '1977-09-15 11:27:31');
INSERT INTO `subscribes` (`id`, `user_id`, `target_id`, `target_type_id`, `created_at`, `updated_at`) VALUES (64, 64, 32, 1, '1989-05-09 18:44:57', '2010-02-18 23:58:24');
INSERT INTO `subscribes` (`id`, `user_id`, `target_id`, `target_type_id`, `created_at`, `updated_at`) VALUES (65, 65, 74, 4, '1980-07-03 09:00:47', '2009-08-25 18:43:40');
INSERT INTO `subscribes` (`id`, `user_id`, `target_id`, `target_type_id`, `created_at`, `updated_at`) VALUES (66, 66, 62, 1, '2018-11-11 06:02:29', '2014-07-15 07:30:55');
INSERT INTO `subscribes` (`id`, `user_id`, `target_id`, `target_type_id`, `created_at`, `updated_at`) VALUES (67, 67, 48, 1, '1985-08-22 10:04:07', '1974-03-02 03:09:55');
INSERT INTO `subscribes` (`id`, `user_id`, `target_id`, `target_type_id`, `created_at`, `updated_at`) VALUES (68, 68, 17, 4, '1992-02-11 04:43:42', '2009-12-13 19:38:32');
INSERT INTO `subscribes` (`id`, `user_id`, `target_id`, `target_type_id`, `created_at`, `updated_at`) VALUES (69, 69, 88, 1, '1987-08-16 23:25:23', '2006-09-05 13:30:59');
INSERT INTO `subscribes` (`id`, `user_id`, `target_id`, `target_type_id`, `created_at`, `updated_at`) VALUES (70, 70, 70, 1, '2015-02-26 05:01:52', '1997-03-23 21:52:01');
INSERT INTO `subscribes` (`id`, `user_id`, `target_id`, `target_type_id`, `created_at`, `updated_at`) VALUES (71, 71, 95, 4, '1998-02-07 05:58:24', '2016-08-03 11:51:37');
INSERT INTO `subscribes` (`id`, `user_id`, `target_id`, `target_type_id`, `created_at`, `updated_at`) VALUES (72, 72, 64, 4, '2004-08-31 02:19:04', '2000-09-05 15:06:13');
INSERT INTO `subscribes` (`id`, `user_id`, `target_id`, `target_type_id`, `created_at`, `updated_at`) VALUES (73, 73, 95, 1, '2000-10-25 10:51:12', '1976-11-23 21:15:09');
INSERT INTO `subscribes` (`id`, `user_id`, `target_id`, `target_type_id`, `created_at`, `updated_at`) VALUES (74, 74, 84, 1, '1978-04-20 13:38:23', '2008-03-07 23:40:42');
INSERT INTO `subscribes` (`id`, `user_id`, `target_id`, `target_type_id`, `created_at`, `updated_at`) VALUES (75, 75, 2, 1, '1990-05-02 07:50:06', '2010-02-05 17:20:59');
INSERT INTO `subscribes` (`id`, `user_id`, `target_id`, `target_type_id`, `created_at`, `updated_at`) VALUES (76, 76, 46, 1, '2014-12-22 08:36:35', '1983-06-10 14:23:35');
INSERT INTO `subscribes` (`id`, `user_id`, `target_id`, `target_type_id`, `created_at`, `updated_at`) VALUES (77, 77, 49, 1, '1973-09-21 23:48:59', '1970-06-28 15:35:22');
INSERT INTO `subscribes` (`id`, `user_id`, `target_id`, `target_type_id`, `created_at`, `updated_at`) VALUES (78, 78, 100, 1, '2000-11-30 22:16:35', '2019-05-06 10:43:26');
INSERT INTO `subscribes` (`id`, `user_id`, `target_id`, `target_type_id`, `created_at`, `updated_at`) VALUES (79, 79, 17, 1, '2016-03-30 17:38:15', '1983-09-06 16:01:45');
INSERT INTO `subscribes` (`id`, `user_id`, `target_id`, `target_type_id`, `created_at`, `updated_at`) VALUES (80, 80, 64, 4, '1994-10-16 05:42:30', '2019-11-06 15:38:21');
INSERT INTO `subscribes` (`id`, `user_id`, `target_id`, `target_type_id`, `created_at`, `updated_at`) VALUES (81, 81, 32, 4, '1995-02-15 07:46:36', '2006-10-27 05:02:52');
INSERT INTO `subscribes` (`id`, `user_id`, `target_id`, `target_type_id`, `created_at`, `updated_at`) VALUES (82, 82, 1, 1, '1997-02-13 20:33:18', '1999-06-29 12:22:14');
INSERT INTO `subscribes` (`id`, `user_id`, `target_id`, `target_type_id`, `created_at`, `updated_at`) VALUES (83, 83, 4, 1, '1989-05-31 09:53:31', '1975-07-29 01:47:11');
INSERT INTO `subscribes` (`id`, `user_id`, `target_id`, `target_type_id`, `created_at`, `updated_at`) VALUES (84, 84, 17, 4, '1999-04-16 09:59:00', '2007-01-11 02:44:58');
INSERT INTO `subscribes` (`id`, `user_id`, `target_id`, `target_type_id`, `created_at`, `updated_at`) VALUES (85, 85, 44, 1, '1983-04-20 07:09:55', '2017-11-15 18:13:22');
INSERT INTO `subscribes` (`id`, `user_id`, `target_id`, `target_type_id`, `created_at`, `updated_at`) VALUES (86, 86, 29, 1, '2000-03-07 11:32:14', '1994-01-03 11:50:32');
INSERT INTO `subscribes` (`id`, `user_id`, `target_id`, `target_type_id`, `created_at`, `updated_at`) VALUES (87, 87, 18, 1, '2019-05-06 10:04:50', '2010-08-09 19:14:07');
INSERT INTO `subscribes` (`id`, `user_id`, `target_id`, `target_type_id`, `created_at`, `updated_at`) VALUES (88, 88, 54, 4, '1992-08-29 05:32:55', '1974-05-29 11:40:44');
INSERT INTO `subscribes` (`id`, `user_id`, `target_id`, `target_type_id`, `created_at`, `updated_at`) VALUES (89, 89, 99, 4, '1987-04-26 07:24:59', '2010-12-17 06:16:29');
INSERT INTO `subscribes` (`id`, `user_id`, `target_id`, `target_type_id`, `created_at`, `updated_at`) VALUES (90, 90, 54, 1, '1973-03-27 05:06:29', '1971-12-11 01:39:58');
INSERT INTO `subscribes` (`id`, `user_id`, `target_id`, `target_type_id`, `created_at`, `updated_at`) VALUES (91, 91, 100, 4, '2005-05-15 18:01:43', '2010-06-17 11:08:33');
INSERT INTO `subscribes` (`id`, `user_id`, `target_id`, `target_type_id`, `created_at`, `updated_at`) VALUES (92, 92, 95, 1, '1996-07-13 16:41:47', '1992-03-30 05:34:59');
INSERT INTO `subscribes` (`id`, `user_id`, `target_id`, `target_type_id`, `created_at`, `updated_at`) VALUES (93, 93, 47, 1, '1997-04-27 10:24:50', '1978-08-09 17:34:05');
INSERT INTO `subscribes` (`id`, `user_id`, `target_id`, `target_type_id`, `created_at`, `updated_at`) VALUES (94, 94, 99, 1, '1979-01-10 05:12:36', '1987-12-26 18:26:48');
INSERT INTO `subscribes` (`id`, `user_id`, `target_id`, `target_type_id`, `created_at`, `updated_at`) VALUES (95, 95, 97, 1, '1974-02-08 21:47:32', '2001-01-28 05:08:08');
INSERT INTO `subscribes` (`id`, `user_id`, `target_id`, `target_type_id`, `created_at`, `updated_at`) VALUES (96, 96, 79, 1, '1974-11-13 06:10:56', '2008-08-14 14:59:07');
INSERT INTO `subscribes` (`id`, `user_id`, `target_id`, `target_type_id`, `created_at`, `updated_at`) VALUES (97, 97, 100, 1, '1986-09-15 11:49:49', '1983-06-04 11:16:14');
INSERT INTO `subscribes` (`id`, `user_id`, `target_id`, `target_type_id`, `created_at`, `updated_at`) VALUES (98, 98, 7, 4, '1972-05-24 02:06:09', '2015-04-08 17:15:21');
INSERT INTO `subscribes` (`id`, `user_id`, `target_id`, `target_type_id`, `created_at`, `updated_at`) VALUES (99, 99, 11, 4, '1999-09-24 12:06:51', '1980-08-05 16:59:07');
INSERT INTO `subscribes` (`id`, `user_id`, `target_id`, `target_type_id`, `created_at`, `updated_at`) VALUES (100, 100, 95, 1, '2003-01-19 21:39:43', '2002-10-21 06:25:25');


#
# TABLE STRUCTURE FOR: target_types
#

DROP TABLE IF EXISTS `target_types`;

CREATE TABLE `target_types` (
  `id` int(10) unsigned NOT NULL AUTO_INCREMENT COMMENT 'Идентификатор сроки',
  `name` varchar(255) COLLATE utf8_unicode_ci NOT NULL COMMENT 'Название типа объекта',
  `created_at` datetime DEFAULT current_timestamp() COMMENT 'Время создания строки',
  `updated_at` datetime DEFAULT current_timestamp() ON UPDATE current_timestamp() COMMENT 'Время обновления строки',
  PRIMARY KEY (`id`),
  UNIQUE KEY `name` (`name`)
) ENGINE=InnoDB DEFAULT CHARSET=utf8 COLLATE=utf8_unicode_ci COMMENT='Типы объектов';

INSERT INTO target_types VALUES
  (NULL, 'user', NOW(), NOW()),
  (NULL, 'post', NOW(), NOW()),
  (NULL, 'commentary', NOW(), NOW()),
  (NULL, 'community', NOW(), NOW());
#
# TABLE STRUCTURE FOR: users
#

DROP TABLE IF EXISTS `users`;

CREATE TABLE `users` (
  `id` int(10) unsigned NOT NULL AUTO_INCREMENT COMMENT 'Идентификатор строки',
  `nickname` varchar(100) COLLATE utf8_unicode_ci NOT NULL COMMENT 'Имя пользователя',
  `about` varchar(140) COLLATE utf8_unicode_ci DEFAULT NULL COMMENT 'Информация ''о себе''',
  `gender` char(1) COLLATE utf8_unicode_ci NOT NULL COMMENT 'Пол',
  `avatar_id` int(10) unsigned DEFAULT NULL COMMENT 'Ссылка на аватар пользователя',
  `created_at` datetime DEFAULT current_timestamp() COMMENT 'Время создания строки',
  `updated_at` datetime DEFAULT current_timestamp() ON UPDATE current_timestamp() COMMENT 'Время обновления строки',
  PRIMARY KEY (`id`)
) ENGINE=InnoDB AUTO_INCREMENT=101 DEFAULT CHARSET=utf8 COLLATE=utf8_unicode_ci COMMENT='Пользователи';

INSERT INTO `users` (`id`, `nickname`, `about`, `gender`, `avatar_id`, `created_at`, `updated_at`) VALUES (1, 'eveniet', 'Est officiis autem recusandae officia voluptatibus. Aut quo itaque maiores quasi fugit aut tenetur. Natus et et quasi rem.', 'm', 29, '1978-03-26 12:08:03', '1975-10-10 11:29:41');
INSERT INTO `users` (`id`, `nickname`, `about`, `gender`, `avatar_id`, `created_at`, `updated_at`) VALUES (2, 'ullam', 'Omnis sed odio voluptatem quisquam eveniet. Saepe qui voluptate nobis cum cupiditate. Qui officia sit ea provident repellat.', 'w', 83, '2011-08-12 09:43:50', '2016-01-22 22:21:07');
INSERT INTO `users` (`id`, `nickname`, `about`, `gender`, `avatar_id`, `created_at`, `updated_at`) VALUES (3, 'ut', 'Aut enim illum inventore aspernatur et. Ea et quam illum nemo. Nihil ullam inventore provident eveniet qui.', 'm', 55, '1989-04-20 11:05:50', '1997-05-26 13:03:58');
INSERT INTO `users` (`id`, `nickname`, `about`, `gender`, `avatar_id`, `created_at`, `updated_at`) VALUES (4, 'impedit', 'Soluta a eligendi qui voluptates iure enim perferendis. Alias ullam numquam ut nobis qui quae.', 'm', 2, '2013-01-01 16:09:38', '2014-10-07 14:52:51');
INSERT INTO `users` (`id`, `nickname`, `about`, `gender`, `avatar_id`, `created_at`, `updated_at`) VALUES (5, 'et', 'Odit voluptatem velit nemo. Aut fugit dolorem enim nihil iure dolores voluptas. Optio nisi id assumenda odio nemo laboriosam autem quis.', 'w', 61, '2019-05-25 16:51:49', '1999-11-11 13:19:22');
INSERT INTO `users` (`id`, `nickname`, `about`, `gender`, `avatar_id`, `created_at`, `updated_at`) VALUES (6, 'aut', 'Aut reiciendis ut sunt officiis eum et omnis. Laborum explicabo magnam similique consequatur dignissimos delectus. Eius labore vero et.', 'w', 96, '2016-09-28 21:51:22', '1987-01-07 07:24:41');
INSERT INTO `users` (`id`, `nickname`, `about`, `gender`, `avatar_id`, `created_at`, `updated_at`) VALUES (7, 'illum', 'Maxime consequatur omnis velit quibusdam. Mollitia placeat quia mollitia rerum a. Iure odio in modi dolor id dolorum.', 'm', 89, '1989-09-04 03:58:16', '2017-07-12 05:13:10');
INSERT INTO `users` (`id`, `nickname`, `about`, `gender`, `avatar_id`, `created_at`, `updated_at`) VALUES (8, 'laborum', 'Aut optio iusto et quae. Quod delectus dolores odio quidem eaque fuga. Corporis ducimus alias aut eius quaerat. Aut quo repellendus sequi.', 'w', 44, '1988-12-22 14:21:36', '2016-10-22 03:46:38');
INSERT INTO `users` (`id`, `nickname`, `about`, `gender`, `avatar_id`, `created_at`, `updated_at`) VALUES (9, 'ea', 'Quo ut ea laborum dignissimos. Non odio eum eligendi eum atque. Nesciunt quidem consequatur nemo veritatis facilis cupiditate.', 'w', 13, '1972-02-28 20:38:39', '1990-11-21 10:05:49');
INSERT INTO `users` (`id`, `nickname`, `about`, `gender`, `avatar_id`, `created_at`, `updated_at`) VALUES (10, 'ducimus', 'Hic ex quaerat ut modi. Et iste quam laudantium optio eius rerum. Dolores et rem officia quas ut aut.', 'w', 27, '2003-01-27 18:11:14', '1982-04-02 08:31:10');
INSERT INTO `users` (`id`, `nickname`, `about`, `gender`, `avatar_id`, `created_at`, `updated_at`) VALUES (11, 'accusantium', 'Ab voluptatum id et eum iure. Quia aut et quo dolore. Dolore qui voluptatibus doloremque rem.', 'm', 8, '1985-07-07 05:02:31', '2007-12-15 15:56:44');
INSERT INTO `users` (`id`, `nickname`, `about`, `gender`, `avatar_id`, `created_at`, `updated_at`) VALUES (12, 'incidunt', 'Repudiandae non optio odit expedita non. Quaerat inventore dolorem eos porro. Dicta accusamus aut aliquam optio delectus.', 'w', 59, '1983-10-11 06:20:38', '1997-11-07 19:24:34');
INSERT INTO `users` (`id`, `nickname`, `about`, `gender`, `avatar_id`, `created_at`, `updated_at`) VALUES (13, 'ex', 'Deleniti et omnis officia labore natus. Dolor animi rem voluptas ex sit. Iste rerum ut vel nostrum maiores. Rerum et qui et.', 'w', 93, '2005-09-19 21:54:20', '1987-03-07 02:22:11');
INSERT INTO `users` (`id`, `nickname`, `about`, `gender`, `avatar_id`, `created_at`, `updated_at`) VALUES (14, 'architecto', 'Et aliquid odio aperiam dolores aut. A beatae vero possimus repellat. Culpa velit maxime cumque rerum.', 'm', 62, '2007-04-24 17:05:00', '2004-10-16 23:22:23');
INSERT INTO `users` (`id`, `nickname`, `about`, `gender`, `avatar_id`, `created_at`, `updated_at`) VALUES (15, 'quidem', 'Et quo dolor veniam rerum eum similique dolore. Ea tenetur nostrum eligendi dolores sequi numquam est quasi.', 'w', 43, '2001-07-06 23:23:29', '1979-09-19 10:29:17');
INSERT INTO `users` (`id`, `nickname`, `about`, `gender`, `avatar_id`, `created_at`, `updated_at`) VALUES (16, 'in', 'Accusamus minus neque eligendi. Blanditiis ab dicta placeat magni id nam dolor. Aliquam numquam cupiditate voluptatem.', 'm', 94, '2013-07-18 22:47:31', '1979-12-30 12:42:46');
INSERT INTO `users` (`id`, `nickname`, `about`, `gender`, `avatar_id`, `created_at`, `updated_at`) VALUES (17, 'placeat', 'Dignissimos possimus asperiores quaerat iure et suscipit. Est aut ut fugiat ipsam. Quia tempore maxime quos.', 'w', 26, '1993-03-03 02:54:10', '1974-03-29 00:06:13');
INSERT INTO `users` (`id`, `nickname`, `about`, `gender`, `avatar_id`, `created_at`, `updated_at`) VALUES (18, 'consequatur', 'Modi nulla quo accusamus. Quos dicta aliquam saepe commodi molestiae vero. Dolorem quia itaque eos enim eos adipisci aut illo.', 'w', 77, '2011-02-10 18:00:11', '2010-08-16 15:41:03');
INSERT INTO `users` (`id`, `nickname`, `about`, `gender`, `avatar_id`, `created_at`, `updated_at`) VALUES (19, 'ipsum', 'Veritatis qui nemo sed enim. Officia illum incidunt consequatur. Et culpa sit modi magni optio.', 'w', 17, '2011-02-19 00:26:48', '1996-10-19 06:40:36');
INSERT INTO `users` (`id`, `nickname`, `about`, `gender`, `avatar_id`, `created_at`, `updated_at`) VALUES (20, 'provident', 'Ratione ut odio et et maiores tempora vitae. Magnam vel reprehenderit nisi debitis. Rerum ipsa eum perspiciatis molestiae nam autem.', 'w', 78, '2017-05-19 18:04:19', '2009-05-10 16:48:51');
INSERT INTO `users` (`id`, `nickname`, `about`, `gender`, `avatar_id`, `created_at`, `updated_at`) VALUES (21, 'quae', 'Ut dolor ut reiciendis expedita. Distinctio a ipsa et error delectus similique reiciendis. Voluptas ea id sunt aut.', 'm', 36, '1974-12-23 18:42:49', '2000-07-12 22:39:50');
INSERT INTO `users` (`id`, `nickname`, `about`, `gender`, `avatar_id`, `created_at`, `updated_at`) VALUES (22, 'natus', 'Quae quae libero soluta iste. Odio hic molestiae dolore possimus sequi aut excepturi commodi.', 'w', 65, '1975-12-28 23:36:40', '1973-06-19 15:40:12');
INSERT INTO `users` (`id`, `nickname`, `about`, `gender`, `avatar_id`, `created_at`, `updated_at`) VALUES (23, 'deleniti', 'Earum necessitatibus voluptas ipsum est officiis. Veritatis ducimus sequi dolores unde sed. Doloremque quis ut nihil quis saepe et labore.', 'w', 90, '1999-06-12 08:18:33', '1997-04-23 04:52:57');
INSERT INTO `users` (`id`, `nickname`, `about`, `gender`, `avatar_id`, `created_at`, `updated_at`) VALUES (24, 'enim', 'Repellat commodi a ut voluptas. Omnis animi odit rem cum animi quaerat. Mollitia sit dolor est aliquam eum.', 'w', 59, '2009-07-12 10:21:47', '2009-06-17 04:29:26');
INSERT INTO `users` (`id`, `nickname`, `about`, `gender`, `avatar_id`, `created_at`, `updated_at`) VALUES (25, 'distinctio', 'Nam a sint ut id est distinctio. Aperiam id est veritatis voluptatibus quae omnis sint. Ut tenetur nobis quis totam cum.', 'm', 18, '1983-09-24 10:14:58', '1995-07-20 01:06:31');
INSERT INTO `users` (`id`, `nickname`, `about`, `gender`, `avatar_id`, `created_at`, `updated_at`) VALUES (26, 'animi', 'Maxime ut voluptas eveniet sed dolor quia consequatur. Atque eveniet in quo sed suscipit. Ad quia nam aut est rerum assumenda.', 'm', 44, '1987-01-08 20:35:11', '1993-02-08 05:00:03');
INSERT INTO `users` (`id`, `nickname`, `about`, `gender`, `avatar_id`, `created_at`, `updated_at`) VALUES (27, 'sit', 'Quo sed praesentium voluptatem dolor. Excepturi velit sunt fugit et voluptatem.', 'm', 22, '1980-01-08 00:27:12', '1984-10-27 21:58:20');
INSERT INTO `users` (`id`, `nickname`, `about`, `gender`, `avatar_id`, `created_at`, `updated_at`) VALUES (28, 'cumque', 'Ut quasi impedit quo dolor voluptatem dicta inventore. Aliquid vitae aut eveniet consequatur qui.', 'w', 96, '1996-12-01 00:53:52', '1972-08-27 01:36:59');
INSERT INTO `users` (`id`, `nickname`, `about`, `gender`, `avatar_id`, `created_at`, `updated_at`) VALUES (29, 'reiciendis', 'Minus dolor consequuntur dicta ab expedita et esse. Eveniet similique sit quo aut harum perferendis.', 'm', 59, '1976-03-03 06:11:22', '1976-10-12 19:36:36');
INSERT INTO `users` (`id`, `nickname`, `about`, `gender`, `avatar_id`, `created_at`, `updated_at`) VALUES (30, 'ratione', 'Ut optio eius architecto et reprehenderit. Nisi dolore incidunt hic fugiat iusto.', 'w', 26, '1989-11-15 16:51:34', '1972-04-11 22:30:45');
INSERT INTO `users` (`id`, `nickname`, `about`, `gender`, `avatar_id`, `created_at`, `updated_at`) VALUES (31, 'hic', 'Mollitia qui laboriosam aut voluptatibus distinctio. Ab nemo accusamus minima iste doloremque. Itaque voluptatibus atque dolores est eius.', 'w', 73, '1971-06-25 06:25:43', '2006-02-06 20:04:30');
INSERT INTO `users` (`id`, `nickname`, `about`, `gender`, `avatar_id`, `created_at`, `updated_at`) VALUES (32, 'aliquam', 'Sit ut ipsum modi officia mollitia excepturi. Qui labore numquam odit accusamus.', 'm', 33, '1995-02-16 03:59:48', '1980-02-28 12:24:48');
INSERT INTO `users` (`id`, `nickname`, `about`, `gender`, `avatar_id`, `created_at`, `updated_at`) VALUES (33, 'dicta', 'Ea earum aut consequatur ut. Alias nostrum quia qui ratione commodi similique. Qui aut voluptatem reprehenderit in illo.', 'w', 45, '2001-01-12 11:58:46', '1973-06-02 14:49:12');
INSERT INTO `users` (`id`, `nickname`, `about`, `gender`, `avatar_id`, `created_at`, `updated_at`) VALUES (34, 'assumenda', 'Temporibus delectus nihil commodi. Iusto voluptatem perferendis maxime voluptate.', 'm', 30, '1977-01-06 21:49:12', '2014-11-30 17:27:20');
INSERT INTO `users` (`id`, `nickname`, `about`, `gender`, `avatar_id`, `created_at`, `updated_at`) VALUES (35, 'quas', 'Consequatur et dolores voluptatem rerum. Consequatur quas commodi atque id est. Non maiores ut cupiditate dolorem asperiores hic dicta.', 'm', 36, '1976-07-23 19:55:28', '1989-05-27 17:58:43');
INSERT INTO `users` (`id`, `nickname`, `about`, `gender`, `avatar_id`, `created_at`, `updated_at`) VALUES (36, 'omnis', 'Necessitatibus facere eius est ut. Dolor pariatur cupiditate ut est. Ea enim ut enim minima quaerat et placeat.', 'w', 19, '1993-10-31 15:54:47', '1982-06-25 19:33:28');
INSERT INTO `users` (`id`, `nickname`, `about`, `gender`, `avatar_id`, `created_at`, `updated_at`) VALUES (37, 'repellat', 'Perferendis vitae nostrum qui molestiae. Ab sit sint quis. Sed praesentium repellendus dignissimos.', 'w', 4, '1972-07-01 22:02:36', '1978-11-28 15:06:44');
INSERT INTO `users` (`id`, `nickname`, `about`, `gender`, `avatar_id`, `created_at`, `updated_at`) VALUES (38, 'repellendus', 'Ea tempore aliquid rerum est omnis sed in. Ratione ea quod sit sapiente. Ipsa labore ut omnis dolores.', 'w', 56, '1977-02-10 12:35:43', '2009-05-02 08:31:17');
INSERT INTO `users` (`id`, `nickname`, `about`, `gender`, `avatar_id`, `created_at`, `updated_at`) VALUES (39, 'laudantium', 'Molestiae quam et velit nobis. Qui iure ea et aut. Beatae magni exercitationem earum eveniet quo qui.', 'm', 99, '2015-12-03 16:06:16', '2020-01-22 16:27:15');
INSERT INTO `users` (`id`, `nickname`, `about`, `gender`, `avatar_id`, `created_at`, `updated_at`) VALUES (40, 'eaque', 'Iste consequatur reprehenderit quae praesentium ipsa in vel. Id dolores eos fuga iusto dolorem. Expedita laborum sunt aperiam ut.', 'w', 72, '1993-08-24 17:23:57', '1984-02-12 18:01:20');
INSERT INTO `users` (`id`, `nickname`, `about`, `gender`, `avatar_id`, `created_at`, `updated_at`) VALUES (41, 'rerum', 'Sed alias qui ullam voluptatem impedit. Repellat eaque reprehenderit atque aut non. Est ad minus amet quisquam.', 'w', 90, '2010-05-19 09:44:15', '1997-06-29 12:15:03');
INSERT INTO `users` (`id`, `nickname`, `about`, `gender`, `avatar_id`, `created_at`, `updated_at`) VALUES (42, 'veritatis', 'Quos dolores qui ipsam. Est qui dolorem eius et a et. Aut porro deserunt quo earum ipsam laborum sunt expedita.', 'm', 44, '1989-01-21 20:05:17', '1996-05-28 01:19:37');
INSERT INTO `users` (`id`, `nickname`, `about`, `gender`, `avatar_id`, `created_at`, `updated_at`) VALUES (43, 'itaque', 'Quia voluptate eveniet quae culpa. Modi accusantium unde impedit beatae est. Laborum dolore qui dolor adipisci quo.', 'm', 52, '1977-12-10 22:24:47', '1995-06-07 23:29:31');
INSERT INTO `users` (`id`, `nickname`, `about`, `gender`, `avatar_id`, `created_at`, `updated_at`) VALUES (44, 'quos', 'Amet dignissimos rerum eveniet ab expedita voluptatem. Odit vel ex at aliquam voluptatem atque. Ut corrupti labore aut.', 'w', 35, '1986-08-30 22:38:30', '2016-01-25 14:38:45');
INSERT INTO `users` (`id`, `nickname`, `about`, `gender`, `avatar_id`, `created_at`, `updated_at`) VALUES (45, 'facere', 'A earum animi sed sint. Tempora repellat et tenetur error et ut est.', 'w', 65, '1980-01-06 02:25:29', '2006-04-10 19:47:53');
INSERT INTO `users` (`id`, `nickname`, `about`, `gender`, `avatar_id`, `created_at`, `updated_at`) VALUES (46, 'autem', 'Voluptates minus laudantium alias velit ut. Pariatur in qui assumenda voluptas ut.', 'w', 27, '1979-12-23 23:48:57', '1993-11-23 15:16:22');
INSERT INTO `users` (`id`, `nickname`, `about`, `gender`, `avatar_id`, `created_at`, `updated_at`) VALUES (47, 'odio', 'Tempora qui et dolore magni. Et nihil qui non distinctio. Dolorem ut nobis vitae sed soluta consectetur eos.', 'm', 57, '1977-03-26 02:11:22', '1975-11-09 15:04:32');
INSERT INTO `users` (`id`, `nickname`, `about`, `gender`, `avatar_id`, `created_at`, `updated_at`) VALUES (48, 'laboriosam', 'Et animi dolores corrupti optio. Et earum neque repellat et sapiente reprehenderit neque. Magni occaecati culpa quam numquam quibusdam.', 'w', 4, '1995-02-18 05:33:50', '2005-03-29 05:18:37');
INSERT INTO `users` (`id`, `nickname`, `about`, `gender`, `avatar_id`, `created_at`, `updated_at`) VALUES (49, 'possimus', 'Rem at quidem fugit voluptates. Odio ut quia placeat dolorem quia dolorem. Ut consectetur odio reprehenderit. Veniam fuga vel numquam.', 'm', 15, '2018-02-02 12:20:30', '1979-10-31 16:33:23');
INSERT INTO `users` (`id`, `nickname`, `about`, `gender`, `avatar_id`, `created_at`, `updated_at`) VALUES (50, 'magni', 'Qui culpa sequi adipisci. Praesentium repudiandae sunt vel saepe in expedita. Libero voluptatibus quo ea quasi.', 'w', 15, '1999-08-03 06:15:05', '1976-12-13 14:07:37');
INSERT INTO `users` (`id`, `nickname`, `about`, `gender`, `avatar_id`, `created_at`, `updated_at`) VALUES (51, 'debitis', 'Voluptatibus sit voluptates est. Quidem autem neque numquam distinctio hic. Voluptas placeat omnis eligendi.', 'w', 66, '1996-07-24 14:56:07', '1983-12-21 03:45:39');
INSERT INTO `users` (`id`, `nickname`, `about`, `gender`, `avatar_id`, `created_at`, `updated_at`) VALUES (52, 'qui', 'Soluta reiciendis voluptatem neque necessitatibus ut. Quam quibusdam ad ut dignissimos velit quo. Iusto corrupti reiciendis quasi.', 'w', 87, '1980-08-25 19:21:02', '1976-12-26 05:43:25');
INSERT INTO `users` (`id`, `nickname`, `about`, `gender`, `avatar_id`, `created_at`, `updated_at`) VALUES (53, 'totam', 'Deleniti et sit veniam. Quas officia placeat quia quia sit aut. Vitae et quia non.', 'w', 39, '1972-02-23 20:34:19', '1975-09-14 15:57:31');
INSERT INTO `users` (`id`, `nickname`, `about`, `gender`, `avatar_id`, `created_at`, `updated_at`) VALUES (54, 'error', 'Aut dolore accusamus beatae ipsum et rerum voluptatem qui. Et ducimus harum voluptatem eaque. Dolore sed ut eos quis error ratione.', 'm', 22, '2012-07-03 19:51:19', '1981-01-24 08:54:03');
INSERT INTO `users` (`id`, `nickname`, `about`, `gender`, `avatar_id`, `created_at`, `updated_at`) VALUES (55, 'quia', 'Consequatur aperiam quia et qui tempora odit. Laborum rerum maiores enim inventore in. Vel reprehenderit necessitatibus qui asperiores.', 'm', 73, '2008-05-17 14:10:02', '1979-01-06 13:00:23');
INSERT INTO `users` (`id`, `nickname`, `about`, `gender`, `avatar_id`, `created_at`, `updated_at`) VALUES (56, 'eos', 'Autem enim eligendi harum aliquam. Aliquam placeat quo possimus esse deleniti vel.', 'w', 86, '1987-01-29 06:01:16', '2009-11-10 15:51:33');
INSERT INTO `users` (`id`, `nickname`, `about`, `gender`, `avatar_id`, `created_at`, `updated_at`) VALUES (57, 'dolorum', 'Accusamus fugit optio voluptates ut ut. Quis perspiciatis incidunt deleniti ratione.', 'm', 17, '2014-01-26 04:25:28', '2015-05-17 07:06:43');
INSERT INTO `users` (`id`, `nickname`, `about`, `gender`, `avatar_id`, `created_at`, `updated_at`) VALUES (58, 'id', 'Quod aliquam vitae aut ab magni amet. Cum alias ab aspernatur quia sapiente ab minima. Omnis non enim sunt eum.', 'm', 50, '1978-05-16 16:49:35', '1974-04-05 17:34:28');
INSERT INTO `users` (`id`, `nickname`, `about`, `gender`, `avatar_id`, `created_at`, `updated_at`) VALUES (59, 'dolore', 'Facilis quos minima quis minus itaque aut cumque. A minus et molestiae sequi voluptatem. Fugiat ipsum est molestiae sunt.', 'm', 70, '1999-07-07 00:20:43', '2007-10-04 12:12:42');
INSERT INTO `users` (`id`, `nickname`, `about`, `gender`, `avatar_id`, `created_at`, `updated_at`) VALUES (60, 'inventore', 'Facilis rerum occaecati aut pariatur. Cumque velit amet totam porro enim itaque.', 'm', 82, '1990-10-05 07:43:10', '1972-06-02 17:09:06');
INSERT INTO `users` (`id`, `nickname`, `about`, `gender`, `avatar_id`, `created_at`, `updated_at`) VALUES (61, 'libero', 'Facere eveniet molestias veniam sequi. Magnam qui cum blanditiis nesciunt ipsa non. Harum ut vitae quos quisquam error quasi.', 'w', 12, '2011-12-05 18:52:12', '2020-04-14 07:27:05');
INSERT INTO `users` (`id`, `nickname`, `about`, `gender`, `avatar_id`, `created_at`, `updated_at`) VALUES (62, 'quam', 'Voluptatem illum nesciunt quia enim ut. Rerum hic voluptate aut quia velit ut. Id vero exercitationem doloribus excepturi necessitatibus.', 'w', 82, '1997-09-19 18:24:23', '2018-08-29 05:52:26');
INSERT INTO `users` (`id`, `nickname`, `about`, `gender`, `avatar_id`, `created_at`, `updated_at`) VALUES (63, 'quaerat', 'Ad qui occaecati voluptatem earum voluptatem asperiores. Odit ducimus consequatur ipsa quia. Id mollitia et voluptatum voluptate.', 'w', 89, '2004-09-13 21:23:03', '1998-08-17 20:19:28');
INSERT INTO `users` (`id`, `nickname`, `about`, `gender`, `avatar_id`, `created_at`, `updated_at`) VALUES (64, 'nesciunt', 'Earum est voluptas corrupti sit nobis. Minus et laborum quidem velit. Nobis modi voluptate sit eius.', 'w', 72, '1976-05-23 11:57:07', '1981-04-29 20:58:21');
INSERT INTO `users` (`id`, `nickname`, `about`, `gender`, `avatar_id`, `created_at`, `updated_at`) VALUES (65, 'temporibus', 'Est veritatis sed minus illo. Voluptates et suscipit nostrum voluptatem placeat. Doloribus facere a nostrum sed quibusdam omnis accusamus.', 'w', 83, '2006-10-12 12:00:33', '2017-08-06 10:32:02');
INSERT INTO `users` (`id`, `nickname`, `about`, `gender`, `avatar_id`, `created_at`, `updated_at`) VALUES (66, 'consequuntur', 'Earum id omnis ducimus accusantium vel similique. Fugit dolore neque veritatis. Dolore voluptatem occaecati consectetur quod.', 'w', 8, '1983-07-06 09:34:58', '2001-06-18 05:12:52');
INSERT INTO `users` (`id`, `nickname`, `about`, `gender`, `avatar_id`, `created_at`, `updated_at`) VALUES (67, 'mollitia', 'Vitae eveniet eum voluptas numquam. Sunt adipisci sint omnis velit veniam.', 'w', 53, '2000-12-06 12:12:51', '2018-08-13 06:15:31');
INSERT INTO `users` (`id`, `nickname`, `about`, `gender`, `avatar_id`, `created_at`, `updated_at`) VALUES (68, 'quis', 'Maxime repudiandae similique quasi officia facere. Ea architecto rerum in odit voluptatibus velit quia. Cum rerum non ex et.', 'w', 72, '2010-01-31 18:16:28', '2001-07-25 19:57:23');
INSERT INTO `users` (`id`, `nickname`, `about`, `gender`, `avatar_id`, `created_at`, `updated_at`) VALUES (69, 'quisquam', 'Eum quia et voluptas eos. Quo et harum id eos eaque nemo soluta et. Omnis minima tenetur id voluptates ut et.', 'w', 62, '1999-08-10 17:10:32', '1998-12-01 15:04:47');
INSERT INTO `users` (`id`, `nickname`, `about`, `gender`, `avatar_id`, `created_at`, `updated_at`) VALUES (70, 'praesentium', 'Et animi ut esse in et blanditiis vel. Quia minus hic alias quis. Soluta illum quis quos dolor. Aspernatur delectus quae eos est omnis.', 'm', 79, '1992-01-05 23:37:03', '1990-05-13 00:24:38');
INSERT INTO `users` (`id`, `nickname`, `about`, `gender`, `avatar_id`, `created_at`, `updated_at`) VALUES (71, 'alias', 'Voluptatibus excepturi fugit id rem unde. Repudiandae quibusdam quo sunt.', 'm', 26, '2015-07-06 01:27:19', '1988-10-30 03:22:03');
INSERT INTO `users` (`id`, `nickname`, `about`, `gender`, `avatar_id`, `created_at`, `updated_at`) VALUES (72, 'dolorem', 'Qui sunt ut error dolorum culpa. Reiciendis nisi reprehenderit aliquid et. Rerum expedita unde dicta velit consequatur non.', 'm', 20, '1996-11-15 13:50:02', '2010-11-07 06:00:34');
INSERT INTO `users` (`id`, `nickname`, `about`, `gender`, `avatar_id`, `created_at`, `updated_at`) VALUES (73, 'excepturi', 'Pariatur nemo sit distinctio sit ab. Aliquam sapiente laboriosam ut illum. Aut beatae placeat eum magnam culpa praesentium.', 'm', 21, '1998-11-23 04:50:37', '1981-08-26 13:35:59');
INSERT INTO `users` (`id`, `nickname`, `about`, `gender`, `avatar_id`, `created_at`, `updated_at`) VALUES (74, 'iusto', 'Architecto ut dolores voluptatem commodi iure. Sed quas ea id. Est impedit facilis quis inventore cum. Consectetur sit qui fugiat nisi.', 'm', 12, '1972-02-06 18:34:21', '1972-11-11 19:59:26');
INSERT INTO `users` (`id`, `nickname`, `about`, `gender`, `avatar_id`, `created_at`, `updated_at`) VALUES (75, 'officia', 'Qui maxime alias occaecati magnam. Qui tenetur omnis animi. Dolores eum est rerum aut ea tempore. Soluta amet ut ut ipsa omnis dignissimos.', 'w', 6, '1974-08-21 08:00:45', '1998-07-20 12:53:55');
INSERT INTO `users` (`id`, `nickname`, `about`, `gender`, `avatar_id`, `created_at`, `updated_at`) VALUES (76, 'cum', 'Ut occaecati consequatur aliquam necessitatibus. Molestiae occaecati mollitia ducimus possimus asperiores commodi repudiandae.', 'm', 55, '2009-12-03 05:12:06', '1983-01-19 12:43:34');
INSERT INTO `users` (`id`, `nickname`, `about`, `gender`, `avatar_id`, `created_at`, `updated_at`) VALUES (77, 'fugiat', 'Et reiciendis voluptatem non repellendus ex similique. Ipsam explicabo sint dignissimos. Maiores veritatis qui voluptate beatae.', 'm', 60, '1980-05-07 04:49:45', '1981-10-03 13:40:44');
INSERT INTO `users` (`id`, `nickname`, `about`, `gender`, `avatar_id`, `created_at`, `updated_at`) VALUES (78, 'beatae', 'Et iusto vel accusamus repudiandae animi unde cum error. Earum quisquam adipisci et porro ut. Ut alias ex velit beatae consequuntur est.', 'm', 93, '1998-08-01 04:32:36', '1992-01-08 16:52:55');
INSERT INTO `users` (`id`, `nickname`, `about`, `gender`, `avatar_id`, `created_at`, `updated_at`) VALUES (79, 'suscipit', 'Doloremque perspiciatis dignissimos cum eius quisquam. Laborum magni magni sed.', 'm', 72, '2004-03-11 10:22:53', '2008-01-28 12:30:54');
INSERT INTO `users` (`id`, `nickname`, `about`, `gender`, `avatar_id`, `created_at`, `updated_at`) VALUES (80, 'tempora', 'Quas a quia minima veniam nostrum ut. Perferendis incidunt ut porro mollitia. Dolorem tenetur nesciunt perspiciatis non.', 'w', 15, '2003-10-28 14:50:15', '1972-04-08 18:46:14');
INSERT INTO `users` (`id`, `nickname`, `about`, `gender`, `avatar_id`, `created_at`, `updated_at`) VALUES (81, 'recusandae', 'Quos quaerat ipsum dolores architecto. Id magnam vel error praesentium provident. Ratione hic cum minus inventore fuga qui id.', 'm', 61, '2012-07-27 11:02:05', '2015-05-14 23:31:50');
INSERT INTO `users` (`id`, `nickname`, `about`, `gender`, `avatar_id`, `created_at`, `updated_at`) VALUES (82, 'labore', 'Rerum aut ullam molestiae non nemo. Voluptatem qui officiis quod vero rem. Architecto tempora praesentium et doloribus.', 'w', 11, '1974-01-27 10:21:37', '1995-07-31 16:12:46');
INSERT INTO `users` (`id`, `nickname`, `about`, `gender`, `avatar_id`, `created_at`, `updated_at`) VALUES (83, 'voluptas', 'Impedit dolore quibusdam dolor sit provident enim exercitationem. A nostrum voluptate similique quia. Quia sed soluta debitis amet.', 'm', 34, '2012-08-26 22:39:52', '2016-03-30 15:20:27');
INSERT INTO `users` (`id`, `nickname`, `about`, `gender`, `avatar_id`, `created_at`, `updated_at`) VALUES (84, 'delectus', 'Omnis quaerat perferendis iste. Voluptates doloremque hic animi in tempora error. Magnam qui quod velit beatae.', 'm', 13, '1993-02-27 17:00:52', '2012-11-14 07:54:20');
INSERT INTO `users` (`id`, `nickname`, `about`, `gender`, `avatar_id`, `created_at`, `updated_at`) VALUES (85, 'accusamus', 'Cupiditate eum illo incidunt nemo. Aut nisi ea sunt. Cum voluptas ut eum labore. Dolor aspernatur corporis et.', 'm', 54, '1979-09-04 15:21:30', '1977-06-25 04:26:57');
INSERT INTO `users` (`id`, `nickname`, `about`, `gender`, `avatar_id`, `created_at`, `updated_at`) VALUES (86, 'quo', 'Qui repellendus corporis enim sit ullam quod. Dolores impedit quaerat est. Non rerum est et ut nihil officiis.', 'm', 18, '1994-08-05 13:29:46', '2009-11-01 03:57:06');
INSERT INTO `users` (`id`, `nickname`, `about`, `gender`, `avatar_id`, `created_at`, `updated_at`) VALUES (87, 'maiores', 'Sequi itaque qui accusamus accusamus rerum. Et nihil molestiae id aliquam. Modi sequi consequatur pariatur et.', 'm', 37, '2001-12-23 18:31:38', '1978-05-08 19:46:23');
INSERT INTO `users` (`id`, `nickname`, `about`, `gender`, `avatar_id`, `created_at`, `updated_at`) VALUES (88, 'sequi', 'A eius in ut corporis amet ullam dolorem blanditiis. Sequi et quia quaerat cumque. Maxime ut et aliquid ducimus numquam.', 'm', 4, '1980-09-26 15:43:02', '1986-09-08 19:57:42');
INSERT INTO `users` (`id`, `nickname`, `about`, `gender`, `avatar_id`, `created_at`, `updated_at`) VALUES (89, 'magnam', 'Repellendus dolores ut natus ipsam quos qui. Molestiae sunt qui voluptate vel perspiciatis. Qui eum sed vero recusandae.', 'm', 91, '2008-09-04 14:50:15', '1973-02-13 02:59:36');
INSERT INTO `users` (`id`, `nickname`, `about`, `gender`, `avatar_id`, `created_at`, `updated_at`) VALUES (90, 'ad', 'Laboriosam molestiae et reprehenderit eum. Voluptatem rerum maiores quia. Porro vero et vitae. Sint nesciunt est provident ab ducimus.', 'w', 46, '1971-12-14 18:00:34', '2017-10-14 09:03:26');
INSERT INTO `users` (`id`, `nickname`, `about`, `gender`, `avatar_id`, `created_at`, `updated_at`) VALUES (91, 'dolores', 'At soluta sed eos aliquid magni id. Omnis quia est fuga repellat. Consequuntur exercitationem quasi tempora eos qui ut.', 'm', 89, '1993-06-06 22:38:39', '2000-05-31 02:38:20');
INSERT INTO `users` (`id`, `nickname`, `about`, `gender`, `avatar_id`, `created_at`, `updated_at`) VALUES (92, 'optio', 'Recusandae fugit cupiditate numquam harum. Omnis a neque voluptas repudiandae. Itaque nemo consequatur ut dolores corrupti voluptas.', 'w', 76, '2014-04-11 12:52:54', '1972-11-16 21:28:50');
INSERT INTO `users` (`id`, `nickname`, `about`, `gender`, `avatar_id`, `created_at`, `updated_at`) VALUES (93, 'quibusdam', 'Laudantium non vel consequatur et. Inventore accusamus facere qui quae dolores ut porro. Est eaque tempore illo.', 'w', 71, '1980-09-12 18:51:27', '1982-07-17 13:25:10');
INSERT INTO `users` (`id`, `nickname`, `about`, `gender`, `avatar_id`, `created_at`, `updated_at`) VALUES (94, 'est', 'Sit consequatur dolores ipsa sed distinctio velit. Officia consequatur eligendi accusantium commodi ipsum voluptate maiores.', 'w', 29, '1987-10-08 10:52:16', '1978-11-18 03:28:22');
INSERT INTO `users` (`id`, `nickname`, `about`, `gender`, `avatar_id`, `created_at`, `updated_at`) VALUES (95, 'atque', 'Neque asperiores excepturi aperiam natus aspernatur. Soluta consequatur sit consequatur.', 'm', 67, '1978-02-12 03:12:42', '1976-10-20 07:45:03');
INSERT INTO `users` (`id`, `nickname`, `about`, `gender`, `avatar_id`, `created_at`, `updated_at`) VALUES (96, 'commodi', 'Alias id quis natus et molestiae. Autem molestias earum excepturi hic similique. Aut ea in repellendus natus placeat eius.', 'm', 47, '1980-04-16 21:10:43', '1992-11-07 02:35:13');
INSERT INTO `users` (`id`, `nickname`, `about`, `gender`, `avatar_id`, `created_at`, `updated_at`) VALUES (97, 'deserunt', 'Sequi sed et officia ullam dolore esse consequatur. Ab architecto omnis excepturi rerum. Quisquam minima voluptas fugit eius.', 'm', 37, '1984-11-06 11:02:59', '2019-10-06 13:41:11');
INSERT INTO `users` (`id`, `nickname`, `about`, `gender`, `avatar_id`, `created_at`, `updated_at`) VALUES (98, 'pariatur', 'Eum non sapiente iure veritatis. Vel labore saepe non magnam deserunt facilis. Sed non temporibus expedita doloribus cumque.', 'w', 82, '2007-01-14 03:13:17', '2012-05-01 15:34:39');
INSERT INTO `users` (`id`, `nickname`, `about`, `gender`, `avatar_id`, `created_at`, `updated_at`) VALUES (99, 'voluptatibus', 'Suscipit sed pariatur blanditiis culpa et sit. Amet nulla ea hic perspiciatis ducimus.', 'w', 88, '1977-09-01 16:48:41', '2019-03-12 05:42:25');
INSERT INTO `users` (`id`, `nickname`, `about`, `gender`, `avatar_id`, `created_at`, `updated_at`) VALUES (100, 'sunt', 'Quo ex esse ratione sint vitae pariatur. Omnis ea aut ab minus est qui veniam. Corrupti adipisci sit aperiam quis repellendus est.', 'w', 46, '2006-12-22 14:40:15', '1980-08-01 08:37:38');


#
# TABLE STRUCTURE FOR: users_private
#

DROP TABLE IF EXISTS `users_private`;

CREATE TABLE `users_private` (
  `user_id` int(10) unsigned NOT NULL COMMENT 'Ссылка на пользователя',
  `phone` varchar(100) COLLATE utf8_unicode_ci DEFAULT NULL COMMENT 'Телефон, привязанный к аккаунту',
  `email` varchar(100) COLLATE utf8_unicode_ci NOT NULL COMMENT 'Почта, привязанная к аккаунту (обязательно)',
  `social_link` varchar(100) COLLATE utf8_unicode_ci DEFAULT NULL COMMENT 'Привязка к аккаунту соц. сети',
  `password` varchar(100) COLLATE utf8_unicode_ci NOT NULL COMMENT 'Пароль к аккаунту',
  `created_at` datetime DEFAULT current_timestamp() COMMENT 'Время создания строки',
  `updated_at` datetime DEFAULT current_timestamp() ON UPDATE current_timestamp() COMMENT 'Время обновления строки',
  PRIMARY KEY (`user_id`),
  UNIQUE KEY `email` (`email`),
  UNIQUE KEY `password` (`password`),
  UNIQUE KEY `phone` (`phone`),
  UNIQUE KEY `social_link` (`social_link`)
) ENGINE=InnoDB DEFAULT CHARSET=utf8 COLLATE=utf8_unicode_ci COMMENT='Приватная информация пользователей';

INSERT INTO `users_private` (`user_id`, `phone`, `email`, `social_link`, `password`, `created_at`, `updated_at`) VALUES (1, '952.375.7744x9045', 'leuschke.denis@example.com', 'http://www.marks.com/', '40d55ccd8ee897e5ea8ef3e84b9885ac34b12386', '1971-02-18 07:22:47', '2008-03-23 14:45:51');
INSERT INTO `users_private` (`user_id`, `phone`, `email`, `social_link`, `password`, `created_at`, `updated_at`) VALUES (2, '06759397738', 'o\'conner.edna@example.org', 'http://homenickbartoletti.org/', '57082ff1cdec9165b1f200bad09dc1182918f967', '1986-10-06 19:35:09', '2004-05-22 11:07:41');
INSERT INTO `users_private` (`user_id`, `phone`, `email`, `social_link`, `password`, `created_at`, `updated_at`) VALUES (3, '573-265-5677x399', 'felipa.mraz@example.org', 'http://littlekuvalis.com/', '7c57177b8dc7272726b203744719dcb215ecd3c1', '2012-10-11 04:35:13', '2015-07-16 12:32:51');
INSERT INTO `users_private` (`user_id`, `phone`, `email`, `social_link`, `password`, `created_at`, `updated_at`) VALUES (4, '372-506-5903x059', 'russel.darrel@example.com', 'http://www.bartellwalker.com/', '46bc3cb690779a4e557bb232589bbbca07a514a6', '1992-09-24 09:26:10', '1975-01-23 04:12:29');
INSERT INTO `users_private` (`user_id`, `phone`, `email`, `social_link`, `password`, `created_at`, `updated_at`) VALUES (5, '+88(4)0581433923', 'zemard@example.org', 'http://romagueraheaney.com/', 'cb965ab9d03a5fd8ac21511f7487b7dc2d0b3a0b', '1997-04-19 14:36:15', '1978-10-05 22:51:18');
INSERT INTO `users_private` (`user_id`, `phone`, `email`, `social_link`, `password`, `created_at`, `updated_at`) VALUES (6, '794-016-8426', 'theidenreich@example.org', 'http://williamson.info/', '4d297f96afd8068de703329914a755c5c98de880', '1996-08-01 10:40:30', '2009-10-30 10:03:31');
INSERT INTO `users_private` (`user_id`, `phone`, `email`, `social_link`, `password`, `created_at`, `updated_at`) VALUES (7, '+87(1)9037241555', 'alexandre95@example.org', 'http://doyle.com/', 'faafe9c2f61fb9d0c59cffe0534d06a331f023fb', '2004-09-18 05:02:44', '1980-04-25 19:25:07');
INSERT INTO `users_private` (`user_id`, `phone`, `email`, `social_link`, `password`, `created_at`, `updated_at`) VALUES (8, '729-550-7085x328', 'hilbert.jast@example.net', 'http://www.prohaskaklein.com/', '61cc625bffce81a05e5c6ed7f8ed117701d32483', '1979-06-13 10:17:00', '2009-10-19 02:00:31');
INSERT INTO `users_private` (`user_id`, `phone`, `email`, `social_link`, `password`, `created_at`, `updated_at`) VALUES (9, '1-251-741-2922', 'padberg.wilhelm@example.org', 'http://legrosgreen.org/', '802d690f6e139631daca2cdc0e7541a9f8d4fc21', '1996-01-20 13:29:44', '1989-07-11 03:07:55');
INSERT INTO `users_private` (`user_id`, `phone`, `email`, `social_link`, `password`, `created_at`, `updated_at`) VALUES (10, '(418)882-0044x7164', 'jessy84@example.org', 'http://www.feestswaniawski.info/', 'cb5e46f3eedeea1324737e8406fb5219f3a6f032', '2001-02-28 05:42:48', '2005-09-24 03:55:08');
INSERT INTO `users_private` (`user_id`, `phone`, `email`, `social_link`, `password`, `created_at`, `updated_at`) VALUES (11, '02748993799', 'fward@example.net', 'http://ferry.com/', '8e920778e3391f3fe60999d35fa89a3857b628b8', '1974-01-27 09:28:43', '2008-09-11 06:08:51');
INSERT INTO `users_private` (`user_id`, `phone`, `email`, `social_link`, `password`, `created_at`, `updated_at`) VALUES (12, '1-354-077-5338x42524', 'shayna76@example.net', 'http://www.bernier.com/', '020dbf3a6a441aba847a245489b2a5b95711e554', '1989-11-02 22:36:21', '1973-11-01 08:25:03');
INSERT INTO `users_private` (`user_id`, `phone`, `email`, `social_link`, `password`, `created_at`, `updated_at`) VALUES (13, '421.478.1721x73798', 'valerie28@example.net', 'http://rowe.com/', '8d0c966a8db64002cd0aa468e39a443a1baf6ced', '1998-03-10 09:35:45', '2003-09-06 14:22:39');
INSERT INTO `users_private` (`user_id`, `phone`, `email`, `social_link`, `password`, `created_at`, `updated_at`) VALUES (14, '(571)212-2086', 'nnicolas@example.org', 'http://toyrunte.biz/', 'd0c85d38425a6ac732c1bbe22d9c6b98f7c57355', '1984-10-09 07:45:06', '1988-11-06 05:52:02');
INSERT INTO `users_private` (`user_id`, `phone`, `email`, `social_link`, `password`, `created_at`, `updated_at`) VALUES (15, '03158910588', 'josue.konopelski@example.com', 'http://www.pacocharunte.com/', '5498468304de67ca8691c5c9ff659a495f3fa9e2', '2000-05-09 17:17:47', '1982-06-28 14:13:38');
INSERT INTO `users_private` (`user_id`, `phone`, `email`, `social_link`, `password`, `created_at`, `updated_at`) VALUES (16, '00550909388', 'handerson@example.com', 'http://www.cristtromp.org/', 'd80ea6a6c0ae62cecc9ba4dccd116e431bb9f0bb', '1976-06-11 07:07:57', '1988-02-21 09:18:09');
INSERT INTO `users_private` (`user_id`, `phone`, `email`, `social_link`, `password`, `created_at`, `updated_at`) VALUES (17, '569.519.4999x064', 'manley05@example.net', 'http://www.langworth.com/', '0947b3e85b8f22e7560aba95a6e0bfdca8ca06a3', '2011-01-08 06:28:21', '2000-05-04 14:14:12');
INSERT INTO `users_private` (`user_id`, `phone`, `email`, `social_link`, `password`, `created_at`, `updated_at`) VALUES (18, '241.819.3709x0658', 'hcummings@example.com', 'http://bechtelarwolf.com/', '97123f55b5bbf30a75593804f69909b720867ea4', '1982-04-15 09:39:39', '1976-02-24 15:51:59');
INSERT INTO `users_private` (`user_id`, `phone`, `email`, `social_link`, `password`, `created_at`, `updated_at`) VALUES (19, '665-927-8277x60540', 'eharvey@example.com', 'http://www.cruickshank.biz/', 'ea0f7d3a768d7264f19afb7c581a3e4ccb4a6804', '1999-03-26 22:49:50', '2011-09-09 05:27:58');
INSERT INTO `users_private` (`user_id`, `phone`, `email`, `social_link`, `password`, `created_at`, `updated_at`) VALUES (20, '758.061.5666x376', 'raphael08@example.com', 'http://bayer.org/', '97db92ca949f9fff7970cfda5fc3db3225987979', '1976-06-05 22:25:09', '2000-07-26 21:54:11');
INSERT INTO `users_private` (`user_id`, `phone`, `email`, `social_link`, `password`, `created_at`, `updated_at`) VALUES (21, '1-566-413-7189', 'nschroeder@example.org', 'http://sawaynpredovic.info/', 'd01c890eadc04b1caf034799679bcd4c7056e3f1', '1994-02-15 19:33:45', '2019-02-20 19:49:54');
INSERT INTO `users_private` (`user_id`, `phone`, `email`, `social_link`, `password`, `created_at`, `updated_at`) VALUES (22, '07421092444', 'omer.champlin@example.net', 'http://ernser.net/', '5768b5a343b8498ef5b7dac3b713fb711e15f7a2', '2010-04-21 22:01:37', '1972-04-16 23:52:18');
INSERT INTO `users_private` (`user_id`, `phone`, `email`, `social_link`, `password`, `created_at`, `updated_at`) VALUES (23, '03516853972', 'mayert.ezequiel@example.org', 'http://batzwatsica.com/', 'fada3f0df1783fd95c90b9728502994383bbb0a1', '1996-05-03 02:23:48', '2000-12-10 18:51:35');
INSERT INTO `users_private` (`user_id`, `phone`, `email`, `social_link`, `password`, `created_at`, `updated_at`) VALUES (24, '875.266.9185x27034', 'shawna98@example.com', 'http://larson.net/', '8a9f1bdd27cebaa7adb17075b2e7c5d214d85161', '1972-06-27 09:24:11', '2014-07-14 14:21:49');
INSERT INTO `users_private` (`user_id`, `phone`, `email`, `social_link`, `password`, `created_at`, `updated_at`) VALUES (25, '137.049.9133x01080', 'price.camron@example.net', 'http://www.mann.info/', 'bda30dab5e28ffa12afe0a5f8ea89b8781852b6b', '1981-02-05 03:32:08', '1972-06-19 18:12:46');
INSERT INTO `users_private` (`user_id`, `phone`, `email`, `social_link`, `password`, `created_at`, `updated_at`) VALUES (26, '126-849-1684x385', 'durgan.lia@example.com', 'http://yundtgutmann.info/', 'b32c9913d186b53f37d827b32b5fd04825a56b93', '1973-12-09 09:51:24', '1972-03-26 03:53:39');
INSERT INTO `users_private` (`user_id`, `phone`, `email`, `social_link`, `password`, `created_at`, `updated_at`) VALUES (27, '(913)574-2403x415', 'arden.swift@example.net', 'http://hodkiewiczchristiansen.com/', 'ebebe034b51e3baf93f4e3771271fd1b3e71dba2', '2000-07-03 23:08:57', '1994-05-03 12:39:20');
INSERT INTO `users_private` (`user_id`, `phone`, `email`, `social_link`, `password`, `created_at`, `updated_at`) VALUES (28, '718.070.5066', 'sedrick76@example.org', 'http://www.stantonlemke.com/', '2e881fda1cadfd9455b9302d64feb15660206ea6', '2009-05-08 13:01:46', '2015-10-03 22:57:56');
INSERT INTO `users_private` (`user_id`, `phone`, `email`, `social_link`, `password`, `created_at`, `updated_at`) VALUES (29, '(947)547-5067', 'tschmidt@example.net', 'http://www.kemmer.com/', 'f8e4e9df87c01e6fc952904a6400d9fddc7d1d99', '1983-11-18 02:24:03', '2016-12-08 12:05:04');
INSERT INTO `users_private` (`user_id`, `phone`, `email`, `social_link`, `password`, `created_at`, `updated_at`) VALUES (30, '+36(4)2452681962', 'marcella68@example.net', 'http://www.hirthe.com/', '6e5b5e184c9055ac4d8524a056d81ba9b13d3e66', '1982-01-09 06:57:32', '1986-01-25 05:05:13');
INSERT INTO `users_private` (`user_id`, `phone`, `email`, `social_link`, `password`, `created_at`, `updated_at`) VALUES (31, '1-249-959-6411x41814', 'dejah.d\'amore@example.org', 'http://okeefe.com/', '7b966a429d22f213ab78397581a00a486b79c7a0', '2019-07-04 00:15:31', '2009-10-09 10:54:27');
INSERT INTO `users_private` (`user_id`, `phone`, `email`, `social_link`, `password`, `created_at`, `updated_at`) VALUES (32, '286.394.0428', 'jerrell.dach@example.net', 'http://hand.net/', 'cb33521361f09a5d65a0d8222eb197ee60b6b8fc', '1996-05-10 09:34:21', '2015-05-15 17:28:56');
INSERT INTO `users_private` (`user_id`, `phone`, `email`, `social_link`, `password`, `created_at`, `updated_at`) VALUES (33, '705.453.9201x198', 'madisen26@example.net', 'http://heathcotelockman.com/', '21308861738759362217d51cb9c192393281864b', '2014-04-14 08:01:05', '2002-06-03 06:05:23');
INSERT INTO `users_private` (`user_id`, `phone`, `email`, `social_link`, `password`, `created_at`, `updated_at`) VALUES (34, '03148739792', 'terrill05@example.net', 'http://ziemann.com/', '8cb10226bd6726298f1037046e44102d575e4e76', '1985-02-07 23:29:56', '1970-02-02 17:15:38');
INSERT INTO `users_private` (`user_id`, `phone`, `email`, `social_link`, `password`, `created_at`, `updated_at`) VALUES (35, '(117)698-0033', 'veronica42@example.net', 'http://www.schulistcorwin.org/', '01e2c490f366ee09ecbeb89fc05851fd198783a1', '1999-12-08 20:45:51', '1981-09-17 07:22:08');
INSERT INTO `users_private` (`user_id`, `phone`, `email`, `social_link`, `password`, `created_at`, `updated_at`) VALUES (36, '1-624-902-6565', 'bridie98@example.com', 'http://emard.net/', 'eaa3e9dfe6024624bc8b10b50b59e7efc641cf64', '1998-02-07 16:07:25', '1973-06-02 03:02:04');
INSERT INTO `users_private` (`user_id`, `phone`, `email`, `social_link`, `password`, `created_at`, `updated_at`) VALUES (37, '+32(3)3454372277', 'eldridge59@example.net', 'http://mayert.com/', '44a162878da0c7f5d8247aca3a09c8f1f99300b8', '1981-07-18 07:00:34', '1974-02-21 10:19:15');
INSERT INTO `users_private` (`user_id`, `phone`, `email`, `social_link`, `password`, `created_at`, `updated_at`) VALUES (38, '199-461-7354x466', 'runte.ethelyn@example.com', 'http://www.anderson.com/', '8968df9e806af7bf005d0c22a14cd684107005f4', '2002-06-27 06:18:37', '1993-09-09 09:52:58');
INSERT INTO `users_private` (`user_id`, `phone`, `email`, `social_link`, `password`, `created_at`, `updated_at`) VALUES (39, '+66(0)1515438578', 'cruickshank.jovani@example.net', 'http://hellerkozey.com/', 'fe1da32cd18964fd0451d195c21b609805daa25c', '2018-02-18 07:54:43', '2018-04-22 22:09:12');
INSERT INTO `users_private` (`user_id`, `phone`, `email`, `social_link`, `password`, `created_at`, `updated_at`) VALUES (40, '1-632-307-6970x3369', 'hgutkowski@example.net', 'http://www.bernhardhegmann.com/', 'f4a9599e366740f2d4bd2610f7442258ee11aee4', '1977-02-21 02:09:53', '2020-02-19 10:39:37');
INSERT INTO `users_private` (`user_id`, `phone`, `email`, `social_link`, `password`, `created_at`, `updated_at`) VALUES (41, '705-460-6846', 'mattie21@example.net', 'http://wolf.com/', 'd4641f96203f6d6e4c2014f6f683bd4d12bd396d', '1979-12-25 04:34:46', '2001-08-18 14:29:58');
INSERT INTO `users_private` (`user_id`, `phone`, `email`, `social_link`, `password`, `created_at`, `updated_at`) VALUES (42, '407.650.1914x2223', 'mueller.meagan@example.com', 'http://www.funk.com/', '44cc4caeda0a11fa0cd08f97f3b28ff3df3ce504', '1983-12-04 14:29:42', '1971-10-27 01:42:37');
INSERT INTO `users_private` (`user_id`, `phone`, `email`, `social_link`, `password`, `created_at`, `updated_at`) VALUES (43, '1-126-741-8121x5943', 'larry.parisian@example.org', 'http://kleincole.com/', 'cff29ec600d5919a4e57f8af8952ebd48d4d999f', '2015-12-09 19:47:25', '1991-10-11 02:40:59');
INSERT INTO `users_private` (`user_id`, `phone`, `email`, `social_link`, `password`, `created_at`, `updated_at`) VALUES (44, '602-058-0333', 'heller.nathaniel@example.net', 'http://stracke.org/', 'd1268acbf6ebd861f7ec3c1b20c1f3eb69de8fd4', '1973-03-04 07:50:04', '2003-01-13 08:12:20');
INSERT INTO `users_private` (`user_id`, `phone`, `email`, `social_link`, `password`, `created_at`, `updated_at`) VALUES (45, '(636)916-1813x6807', 'rohan.vergie@example.org', 'http://schroeder.com/', 'cd9f450f9e340100674e40c668740f1e6c543f3d', '1974-02-15 03:34:10', '1995-06-24 17:51:06');
INSERT INTO `users_private` (`user_id`, `phone`, `email`, `social_link`, `password`, `created_at`, `updated_at`) VALUES (46, '253-482-1209', 'keeling.eduardo@example.net', 'http://www.gradyyundt.com/', 'f8fac23923fb1e82874bfd14bb0aac6626d384ce', '1998-06-09 13:50:41', '1981-08-27 13:25:09');
INSERT INTO `users_private` (`user_id`, `phone`, `email`, `social_link`, `password`, `created_at`, `updated_at`) VALUES (47, '650-873-5753x36573', 'ed.gutmann@example.com', 'http://www.daugherty.com/', '1cd42f5857d076ac60ff29ae823b65eccacb80f9', '1988-09-26 20:14:56', '1987-07-28 18:45:05');
INSERT INTO `users_private` (`user_id`, `phone`, `email`, `social_link`, `password`, `created_at`, `updated_at`) VALUES (48, '+86(2)8122748894', 'swelch@example.org', 'http://terrymoen.com/', '3931eb802ba02acce1beb5cbdf7b14a3fdc80aef', '1999-12-30 19:29:01', '2000-06-11 12:28:53');
INSERT INTO `users_private` (`user_id`, `phone`, `email`, `social_link`, `password`, `created_at`, `updated_at`) VALUES (49, '855.708.0318x421', 'arice@example.com', 'http://gislasonkuvalis.biz/', '6cb01efc5997f6b34a7095a0dbdbbee17c47bce1', '1988-01-04 05:55:28', '2019-08-16 12:18:46');
INSERT INTO `users_private` (`user_id`, `phone`, `email`, `social_link`, `password`, `created_at`, `updated_at`) VALUES (50, '1-533-479-3295', 'ahamill@example.org', 'http://www.cronin.com/', 'e5154b7d09509d7d382dd9e516c89d0b611258d7', '1980-05-30 18:40:34', '2012-08-20 19:21:59');
INSERT INTO `users_private` (`user_id`, `phone`, `email`, `social_link`, `password`, `created_at`, `updated_at`) VALUES (51, '683.139.8455', 'wyman.amparo@example.com', 'http://www.kertzmann.info/', 'cbe63be66541564d573e1aa3fbb4438259e76477', '1999-04-16 09:30:06', '1996-01-23 10:57:10');
INSERT INTO `users_private` (`user_id`, `phone`, `email`, `social_link`, `password`, `created_at`, `updated_at`) VALUES (52, '666-289-2549', 'carmella.weimann@example.com', 'http://stantonwiegand.com/', '2fa76407a6fe8a353757b9de1d3b45e3f19642fd', '1970-12-24 20:41:25', '1982-11-23 20:35:01');
INSERT INTO `users_private` (`user_id`, `phone`, `email`, `social_link`, `password`, `created_at`, `updated_at`) VALUES (53, '05879318433', 'prosacco.ivah@example.net', 'http://corkerygaylord.com/', 'd30d41808b12485962059f4138f1031ba6d50254', '1992-08-31 23:36:39', '1994-01-16 17:26:55');
INSERT INTO `users_private` (`user_id`, `phone`, `email`, `social_link`, `password`, `created_at`, `updated_at`) VALUES (54, '860.682.3646x1393', 'ari.hegmann@example.net', 'http://www.kihnkerluke.org/', '55e1d7da6b4d66b59406fa8c5f6673c3007a116e', '1979-05-01 13:27:59', '2011-01-29 20:50:24');
INSERT INTO `users_private` (`user_id`, `phone`, `email`, `social_link`, `password`, `created_at`, `updated_at`) VALUES (55, '407.662.6677x96946', 'athena.medhurst@example.org', 'http://www.bauch.com/', 'b90b2b173dcee1f032c43cca5de70d7df6707be0', '2015-10-04 12:09:03', '1988-06-24 14:59:55');
INSERT INTO `users_private` (`user_id`, `phone`, `email`, `social_link`, `password`, `created_at`, `updated_at`) VALUES (56, '226-546-0264x97403', 'gisselle.reinger@example.net', 'http://www.herzog.com/', '8e6738f8f6432e13b9dd150fea880b238d1846b7', '2009-03-02 08:25:45', '1978-08-02 14:01:55');
INSERT INTO `users_private` (`user_id`, `phone`, `email`, `social_link`, `password`, `created_at`, `updated_at`) VALUES (57, '865-251-9922x4878', 'pfeffer.alfreda@example.net', 'http://kertzmannmccullough.com/', 'c27bb8ca4717e062ad2a6e1ac85aefc13f85ef33', '1996-05-14 09:22:23', '1973-10-16 20:34:57');
INSERT INTO `users_private` (`user_id`, `phone`, `email`, `social_link`, `password`, `created_at`, `updated_at`) VALUES (58, '644-065-4085x0158', 'bheidenreich@example.net', 'http://www.mertz.com/', 'df3995fdaecffee4c014f62b331d767f213bdbef', '1977-09-12 17:53:06', '1970-10-15 05:06:43');
INSERT INTO `users_private` (`user_id`, `phone`, `email`, `social_link`, `password`, `created_at`, `updated_at`) VALUES (59, '319-728-6740x5497', 'sleffler@example.com', 'http://hahnrussel.com/', 'a6364e28b24d54490ad480f8e1522cb52bd6bef3', '2013-10-23 17:26:36', '2018-07-01 18:14:24');
INSERT INTO `users_private` (`user_id`, `phone`, `email`, `social_link`, `password`, `created_at`, `updated_at`) VALUES (60, '(242)488-6454', 'schamberger.cleo@example.com', 'http://raynor.info/', 'd8a44ac217e0f013492869f09828762fa49b7c48', '1988-06-18 13:02:00', '2009-03-31 06:10:16');
INSERT INTO `users_private` (`user_id`, `phone`, `email`, `social_link`, `password`, `created_at`, `updated_at`) VALUES (61, '1-387-823-5497x57290', 'tillman.devin@example.org', 'http://dickens.com/', '237e4e30f79921e570f7912b2162172b6206cc8e', '2010-05-02 15:29:56', '1991-04-21 19:50:41');
INSERT INTO `users_private` (`user_id`, `phone`, `email`, `social_link`, `password`, `created_at`, `updated_at`) VALUES (62, '270-166-0431', 'njohnston@example.net', 'http://bode.info/', '0b1f700be0131b66f41afbc548b4f026f0dba2ce', '1980-06-16 20:06:04', '2008-10-12 17:53:15');
INSERT INTO `users_private` (`user_id`, `phone`, `email`, `social_link`, `password`, `created_at`, `updated_at`) VALUES (63, '1-263-876-1519', 'ora91@example.org', 'http://www.lockmancrooks.org/', '68d15f221c5f657bbfcc8620c752dc04ebf4fd72', '1998-01-21 18:05:30', '1980-09-28 00:39:47');
INSERT INTO `users_private` (`user_id`, `phone`, `email`, `social_link`, `password`, `created_at`, `updated_at`) VALUES (64, '(615)898-7496x8378', 'quitzon.marilie@example.com', 'http://www.rodriguezquigley.com/', 'dbea98b41ec9ee650dc6f20a99369bb5126d1673', '2014-01-20 05:57:23', '2012-03-24 10:11:14');
INSERT INTO `users_private` (`user_id`, `phone`, `email`, `social_link`, `password`, `created_at`, `updated_at`) VALUES (65, '346.884.6352', 'kessler.janis@example.org', 'http://www.ziemeheller.com/', '1d1d342fc4b02e4e6a6f63ef314a93fd20c109c5', '2000-11-16 21:02:07', '1985-08-03 12:57:35');
INSERT INTO `users_private` (`user_id`, `phone`, `email`, `social_link`, `password`, `created_at`, `updated_at`) VALUES (66, '1-170-885-1277x613', 'vorn@example.net', 'http://www.grady.info/', '14a67df52c0ffa3f2ee9954d5bdc23d9db23b2f8', '1987-09-09 03:23:44', '1976-12-22 17:22:13');
INSERT INTO `users_private` (`user_id`, `phone`, `email`, `social_link`, `password`, `created_at`, `updated_at`) VALUES (67, '378.397.0050', 'ullrich.iva@example.org', 'http://kris.net/', '47410c1eb2e866d2695b3ea5d5ce99ea3edd4815', '1996-08-14 23:29:11', '2009-10-21 12:37:34');
INSERT INTO `users_private` (`user_id`, `phone`, `email`, `social_link`, `password`, `created_at`, `updated_at`) VALUES (68, '752-963-3273x00078', 'hmiller@example.com', 'http://wuckert.com/', '8b690c520cf9fc56db6f8b336ddc8d87dbef6d98', '2020-03-01 23:18:03', '1997-04-07 16:27:42');
INSERT INTO `users_private` (`user_id`, `phone`, `email`, `social_link`, `password`, `created_at`, `updated_at`) VALUES (69, '01740919536', 'browe@example.com', 'http://tromp.com/', 'b95f1c21fe7da168db764556cdbb42753b57b773', '2010-08-28 07:32:09', '1986-01-17 01:43:40');
INSERT INTO `users_private` (`user_id`, `phone`, `email`, `social_link`, `password`, `created_at`, `updated_at`) VALUES (70, '1-597-801-9072', 'qrau@example.net', 'http://www.mitchellwillms.org/', '7605772ea90aab085510b55a09e60318daf2d60b', '1985-12-01 12:07:39', '1978-01-19 17:41:54');
INSERT INTO `users_private` (`user_id`, `phone`, `email`, `social_link`, `password`, `created_at`, `updated_at`) VALUES (71, '(635)038-0151', 'haleigh95@example.net', 'http://www.leannon.com/', '72178c2ef29391d12f4cc332d283f0a394cb2a8c', '2005-08-02 19:04:01', '2009-07-19 17:38:30');
INSERT INTO `users_private` (`user_id`, `phone`, `email`, `social_link`, `password`, `created_at`, `updated_at`) VALUES (72, '(325)544-3058', 'thiel.marcia@example.com', 'http://www.konopelski.com/', '33b6bbbbefe42ce586f81e17401c916435481bbf', '2020-01-12 21:29:26', '2012-08-03 11:38:50');
INSERT INTO `users_private` (`user_id`, `phone`, `email`, `social_link`, `password`, `created_at`, `updated_at`) VALUES (73, '902-665-7975', 'effertz.aurelio@example.net', 'http://www.murray.info/', 'a8bb9119d77ee647796fea0ba410bd052fb778e4', '1990-01-16 01:35:14', '2016-09-30 04:18:39');
INSERT INTO `users_private` (`user_id`, `phone`, `email`, `social_link`, `password`, `created_at`, `updated_at`) VALUES (74, '1-244-676-1270', 'ubayer@example.org', 'http://aufderharnienow.com/', '84ff5567a8120969a81b42bb36f88c08fca69956', '2012-11-02 13:18:23', '2011-05-11 10:17:56');
INSERT INTO `users_private` (`user_id`, `phone`, `email`, `social_link`, `password`, `created_at`, `updated_at`) VALUES (75, '1-775-253-6101x74653', 'cordell.bahringer@example.net', 'http://reilly.com/', '73d890202732ffed1d16656cfb1143d3f06c86c7', '1991-02-24 14:08:34', '2016-09-25 05:53:09');
INSERT INTO `users_private` (`user_id`, `phone`, `email`, `social_link`, `password`, `created_at`, `updated_at`) VALUES (76, '+27(3)3221922827', 'kfeil@example.net', 'http://brekke.com/', '43d5811cf948e296cce35e391bf29eb35465076d', '1976-11-23 19:45:30', '1989-01-29 18:15:11');
INSERT INTO `users_private` (`user_id`, `phone`, `email`, `social_link`, `password`, `created_at`, `updated_at`) VALUES (77, '541-468-3570x826', 'mblick@example.org', 'http://www.feeney.com/', '147d9fe1541ca7be4b5b2d88a827b3f03622475e', '1971-06-15 20:03:54', '1976-02-02 17:59:01');
INSERT INTO `users_private` (`user_id`, `phone`, `email`, `social_link`, `password`, `created_at`, `updated_at`) VALUES (78, '1-717-202-9283x5553', 'bbalistreri@example.net', 'http://www.bahringer.com/', '7b5dd35ade6c92f33009555e3149fcf95378a6de', '1984-11-13 03:57:50', '2013-12-15 02:37:44');
INSERT INTO `users_private` (`user_id`, `phone`, `email`, `social_link`, `password`, `created_at`, `updated_at`) VALUES (79, '1-249-678-8769x8462', 'kacie.kessler@example.com', 'http://legros.com/', 'fcd2aae960b8d500e398f43b26afa7aea19dcb25', '1986-06-21 16:39:59', '1993-07-01 07:38:48');
INSERT INTO `users_private` (`user_id`, `phone`, `email`, `social_link`, `password`, `created_at`, `updated_at`) VALUES (80, '699-370-1785x78774', 'zemlak.arch@example.net', 'http://walterluettgen.com/', '8ae977fec8cee2592c3ef495e28fc6ab8f599a2e', '1997-10-21 19:19:32', '2001-05-24 10:15:17');
INSERT INTO `users_private` (`user_id`, `phone`, `email`, `social_link`, `password`, `created_at`, `updated_at`) VALUES (81, '1-476-073-6865x06607', 'vinnie62@example.com', 'http://adams.info/', 'ce8e2f2fe2e3edb4be538041d994d5d55fc4aaa2', '1974-02-25 23:04:55', '1984-05-20 04:37:59');
INSERT INTO `users_private` (`user_id`, `phone`, `email`, `social_link`, `password`, `created_at`, `updated_at`) VALUES (82, '1-290-332-9322', 'gcormier@example.com', 'http://carrollconn.com/', '5d1ee108d876bdfbdee98c1821c1c76320c1c12e', '1988-01-03 23:10:03', '1974-01-11 22:34:59');
INSERT INTO `users_private` (`user_id`, `phone`, `email`, `social_link`, `password`, `created_at`, `updated_at`) VALUES (83, '1-470-969-1636x5501', 'rrowe@example.com', 'http://www.leannon.biz/', '4dc4f15b83abcf30187a4aa581c0a4fe8df587c0', '1986-01-22 21:43:52', '2007-02-19 16:32:13');
INSERT INTO `users_private` (`user_id`, `phone`, `email`, `social_link`, `password`, `created_at`, `updated_at`) VALUES (84, '(171)344-7252', 'shyann17@example.org', 'http://www.walker.net/', 'ab8960ce962eb9d32c963f4e36c3daface59006c', '1973-09-29 14:15:28', '1973-12-11 13:54:16');
INSERT INTO `users_private` (`user_id`, `phone`, `email`, `social_link`, `password`, `created_at`, `updated_at`) VALUES (85, '223.658.9779x6698', 'iratke@example.org', 'http://boyer.com/', 'c1f6a777d8df9db76d3f0041908a28621f61a789', '2012-07-18 11:55:52', '1976-10-24 09:36:27');
INSERT INTO `users_private` (`user_id`, `phone`, `email`, `social_link`, `password`, `created_at`, `updated_at`) VALUES (86, '524-085-0242', 'enoch97@example.com', 'http://www.corkerystrosin.com/', 'b78472e7394d51c810b0d76bd2a9f69ae4a08e8d', '1983-06-27 10:24:49', '2014-08-16 14:30:19');
INSERT INTO `users_private` (`user_id`, `phone`, `email`, `social_link`, `password`, `created_at`, `updated_at`) VALUES (87, '04548025857', 'virginie.yost@example.org', 'http://www.ebert.com/', '34480237034ff152724ae6c2de96f3a0a5d2834b', '2002-08-30 18:45:06', '1976-09-20 18:16:11');
INSERT INTO `users_private` (`user_id`, `phone`, `email`, `social_link`, `password`, `created_at`, `updated_at`) VALUES (88, '(725)288-5278', 'tod.hudson@example.org', 'http://www.haag.org/', 'b72413e08bf96cdb58b75c45fb6f69c067504afa', '1993-03-06 00:29:53', '2007-08-03 18:22:42');
INSERT INTO `users_private` (`user_id`, `phone`, `email`, `social_link`, `password`, `created_at`, `updated_at`) VALUES (89, '238-742-5083', 'tyra64@example.com', 'http://www.roweleuschke.net/', '52d78bc5966259d4949d057d129f1165071dda11', '1995-09-17 03:57:49', '1981-07-04 23:04:32');
INSERT INTO `users_private` (`user_id`, `phone`, `email`, `social_link`, `password`, `created_at`, `updated_at`) VALUES (90, '(088)873-2100', 'vito.mertz@example.net', 'http://www.feest.com/', 'edec9e6bfa744e2fc28a8c2de1a0b9d5652b23c0', '1971-12-15 05:18:50', '1999-06-26 03:37:03');
INSERT INTO `users_private` (`user_id`, `phone`, `email`, `social_link`, `password`, `created_at`, `updated_at`) VALUES (91, '+73(9)7135004214', 'prohaska.keshawn@example.com', 'http://wuckertmcdermott.com/', '56d99c9be4c1376b514343c9ea9d31ea25a43a22', '2019-11-25 19:54:44', '1985-06-30 16:50:35');
INSERT INTO `users_private` (`user_id`, `phone`, `email`, `social_link`, `password`, `created_at`, `updated_at`) VALUES (92, '+63(6)6797048082', 'hayden57@example.com', 'http://osinski.org/', 'abb473f4fc0daa9e82b3b8047d8f429d5626412e', '2012-11-13 10:44:56', '2001-07-16 00:27:34');
INSERT INTO `users_private` (`user_id`, `phone`, `email`, `social_link`, `password`, `created_at`, `updated_at`) VALUES (93, '462.668.6688x5296', 'rene.lang@example.org', 'http://www.balistreri.com/', 'ebe28ebc52248e44675d771e70298de894ba1484', '1999-03-07 09:15:17', '2004-02-05 09:13:40');
INSERT INTO `users_private` (`user_id`, `phone`, `email`, `social_link`, `password`, `created_at`, `updated_at`) VALUES (94, '06933807169', 'cortney82@example.net', 'http://conroy.com/', '3233fa4910f619da2f1e55ac27a4ae34f6bc00a6', '2011-10-30 07:56:09', '1972-09-22 15:49:02');
INSERT INTO `users_private` (`user_id`, `phone`, `email`, `social_link`, `password`, `created_at`, `updated_at`) VALUES (95, '031-557-8517x8699', 'kailee88@example.org', 'http://wehner.com/', '3b83ba752f3320be6df8fad995908330c8f822ee', '2005-03-22 20:52:07', '1997-05-02 08:33:01');
INSERT INTO `users_private` (`user_id`, `phone`, `email`, `social_link`, `password`, `created_at`, `updated_at`) VALUES (96, '02698394302', 'larry14@example.com', 'http://www.wilderman.info/', 'ee47fe7de5793fd790818f808b4eb453f65a71de', '1971-03-20 06:35:30', '1986-06-27 17:40:46');
INSERT INTO `users_private` (`user_id`, `phone`, `email`, `social_link`, `password`, `created_at`, `updated_at`) VALUES (97, '+66(3)4798612539', 'kling.eliezer@example.org', 'http://damorebednar.com/', 'a8d6ef9b4a3ad3770b7531483ff642dc4d8305e2', '2000-08-22 08:51:16', '1970-12-10 21:04:21');
INSERT INTO `users_private` (`user_id`, `phone`, `email`, `social_link`, `password`, `created_at`, `updated_at`) VALUES (98, '(608)396-9721', 'rlind@example.net', 'http://www.runolfsson.com/', '1aea8bf67f157aaf94ca7140ab11a94164122df9', '2010-11-16 23:38:11', '1988-12-27 11:24:12');
INSERT INTO `users_private` (`user_id`, `phone`, `email`, `social_link`, `password`, `created_at`, `updated_at`) VALUES (99, '436.135.1829', 'kassandra65@example.com', 'http://www.runte.net/', '8b68b1614a6762f7b45d8758d88ebfef7b5ffcfb', '2004-09-12 06:22:28', '1999-07-19 17:37:55');
INSERT INTO `users_private` (`user_id`, `phone`, `email`, `social_link`, `password`, `created_at`, `updated_at`) VALUES (100, '+09(0)8882275938', 'dubuque.rosina@example.net', 'http://harrisgaylord.org/', '5e62d031441dd35dcd773cfb725105332b06df8c', '2005-02-12 06:05:25', '1999-03-11 06:21:49');


